"userId","movieId","rating"
429,22,4
429,150,5
429,161,5
429,165,4
429,218,4
429,222,4
429,225,4
429,227,3
429,343,3
429,349,3
429,351,4
429,420,2
429,421,4
429,432,3
429,434,4
429,468,3
429,588,5
429,590,5
429,592,5
429,595,5
429,48,4
429,60,4
429,151,4
429,168,5
429,169,3
429,185,5
429,186,4
429,195,4
429,204,4
429,207,5
429,208,3
429,234,2
429,236,4
429,237,4
429,252,5
429,256,4
429,257,4
429,261,5
429,266,4
429,270,5
429,274,4
429,276,3
429,279,3
429,281,4
429,282,4
429,289,5
429,292,5
429,294,3
429,300,4
429,315,4
429,316,3
429,317,5
429,329,3
429,339,5
429,380,5
429,381,4
429,553,3
429,164,3
107,1,4
107,2,5
107,5,4
107,11,5
107,62,5
107,104,3
107,105,4
107,140,4
107,141,5
191,1,4
191,6,4
191,16,4
191,17,5
191,21,4
191,25,5
191,32,5
191,36,5
191,52,5
191,58,4
191,85,5
191,94,4
191,95,3
191,99,5
191,111,5
191,140,3
191,494,3
191,581,5
191,608,5
191,668,5
191,720,5
191,34,4
191,39,1
191,72,4
191,110,3
191,144,4
191,148,5
191,150,2
191,153,1
191,155,4
191,158,2
191,159,1
191,160,1
191,161,2
191,162,5
191,175,5
191,213,5
191,215,4
191,223,5
191,224,4
191,229,5
191,230,4
191,235,5
191,236,3
191,237,1
191,246,5
191,347,5
191,348,5
191,417,4
191,427,1
191,468,3
191,47,4
191,50,5
191,151,4
191,178,1
191,193,2
191,194,5
191,208,1
191,261,4
191,265,5
191,269,3
191,272,5
191,281,4
191,282,3
191,283,4
191,288,3
191,292,1
191,293,5
191,296,5
191,299,5
191,300,4
191,303,1
191,306,5
191,307,5
191,308,5
191,312,1
191,314,4
191,316,1
191,318,4
191,319,4
191,337,5
191,339,1
191,380,3
191,496,5
191,673,5
99,10,4
99,22,4
99,23,4
99,122,4
99,145,4
99,150,5
99,153,5
99,160,2
99,161,3
99,163,5
99,165,5
99,225,5
99,227,3
99,228,3
99,231,5
99,344,5
99,349,5
99,413,3
99,416,4
99,420,2
99,434,3
99,435,2
99,588,5
99,592,4
99,168,5
99,196,2
99,234,2
99,236,5
99,248,3
99,252,5
99,253,4
99,256,4
99,257,5
99,259,3
99,266,4
99,276,4
99,281,5
99,282,4
99,288,3
99,292,5
99,293,5
99,296,5
99,315,3
99,318,5
99,325,2
99,204,1
99,312,1
99,316,2
99,333,5
99,337,5
99,339,5
99,380,5
99,555,4
54,150,3
54,296,3
54,590,3
54,592,3
54,1,3
54,588,3
54,161,3
54,318,4
54,329,3
54,339,3
54,595,3
54,32,3
54,205,3
54,110,3
54,194,3
54,288,3
54,17,3
54,50,3
35,150,5
35,592,4
35,316,3
35,595,3
35,231,3
35,339,5
35,21,5
35,300,4
35,185,5
35,39,3
35,266,2
35,11,4
35,50,5
35,236,4
35,235,4
35,261,5
35,62,5
35,237,3
35,222,4
35,60,5
35,342,4
35,590,5
35,252,4
468,590,5
468,150,5
468,296,3
468,380,4
468,592,3
468,153,3
468,344,3
468,349,2
468,588,3
468,1,4
468,165,3
468,318,3
468,595,5
468,161,2
468,231,2
468,434,3
468,208,3
468,253,4
468,292,4
468,300,4
468,225,4
468,32,4
468,110,4
468,185,3
468,288,2
468,39,5
468,266,4
468,317,3
468,410,3
468,47,5
468,111,3
468,160,2
468,432,2
353,296,5
353,380,3
353,590,4
353,592,4
353,153,3
353,318,5
353,344,5
353,349,4
353,588,3
353,10,3
353,165,5
353,316,3
353,595,4
353,1,5
353,161,5
353,231,4
353,434,3
353,185,4
353,253,3
353,292,4
353,110,3
353,225,3
353,288,3
353,32,5
353,34,5
353,47,5
353,266,3
353,39,1
353,160,2
353,432,3
353,19,4
353,236,3
353,420,1
353,11,4
353,315,3
353,435,2
353,186,5
353,553,4
353,173,3
353,196,3
353,158,3
353,168,3
353,204,2
353,2,4
353,25,4
353,172,2
353,293,5
353,246,5
353,256,3
353,5,3
353,223,5
353,237,4
353,333,5
353,555,4
353,6,4
353,222,1
353,22,5
353,163,3
353,216,3
353,234,2
353,431,4
353,145,3
353,280,5
353,413,2
353,112,5
353,319,5
353,70,4
353,457,5
353,267,3
353,122,3
353,593,5
353,144,4
353,198,3
353,364,4
353,328,4
353,454,4
353,229,3
353,275,2
353,367,3
353,340,3
353,509,3
353,9,3
353,442,2
353,330,2
353,585,2
353,353,3
353,180,4
353,355,2
353,69,3
353,552,2
107,150,5
107,296,3
107,380,4
107,590,5
107,153,3
107,318,5
107,344,3
107,349,4
107,165,3
107,316,3
107,329,3
107,161,4
107,253,4
107,434,3
107,231,3
107,185,4
107,292,4
107,208,3
107,110,5
107,266,4
107,410,3
107,111,4
107,160,4
107,317,4
107,432,4
40,150,5
40,296,5
40,380,3
40,590,4
40,592,4
40,153,3
40,165,4
40,344,4
40,588,4
40,316,3
40,318,5
40,329,3
40,595,3
40,1,5
40,231,1
40,339,3
40,434,3
40,208,2
40,292,3
40,300,5
40,21,4
40,110,4
40,410,3
40,34,5
40,266,4
40,317,4
40,111,5
40,432,3
40,19,2
40,236,4
40,151,4
40,337,5
40,435,3
40,17,5
40,173,4
40,186,3
40,252,4
40,553,5
40,235,4
40,265,5
40,158,4
40,168,2
40,62,5
40,172,4
40,224,4
40,31,4
40,48,2
40,223,5
40,256,2
40,44,3
40,272,5
40,218,4
40,230,5
40,273,1
40,163,5
40,203,5
40,216,1
40,431,5
40,60,4
40,281,5
40,457,3
40,327,4
40,351,4
40,267,3
40,306,5
40,610,4
40,307,5
40,364,5
40,454,4
40,308,5
40,367,4
40,104,1
40,107,4
40,440,4
40,509,3
40,314,5
40,616,3
40,159,3
40,551,3
40,350,5
40,353,3
40,421,3
40,585,3
40,46,4
40,515,3
40,330,3
40,26,4
40,312,3
40,376,3
40,146,3
40,371,4
40,491,5
40,609,4
40,383,3
40,362,4
40,514,5
40,82,5
40,228,3
40,199,3
40,205,4
40,126,3
40,121,4
40,685,5
604,296,5
604,153,3
604,165,4
604,344,2
604,588,3
604,329,3
604,316,4
604,595,3
604,1,3
604,339,3
604,434,4
604,185,4
604,208,3
604,253,5
604,292,3
604,110,3
604,288,5
604,410,4
604,32,4
604,34,4
604,317,3
604,432,3
604,39,3
604,111,4
604,19,1
604,315,4
604,420,3
604,95,4
604,151,3
604,435,4
604,17,4
604,173,3
604,186,3
604,196,3
604,235,3
604,261,4
604,265,4
604,105,2
604,158,4
604,168,3
604,293,3
604,2,5
604,62,4
604,172,2
604,224,3
604,25,3
604,223,4
604,237,3
604,5,3
604,6,3
604,272,4
604,277,4
604,708,3
604,273,3
604,22,3
604,328,4
604,593,5
604,188,3
604,330,3
604,332,3
604,426,3
604,611,5
604,76,4
604,92,3
604,183,3
604,366,5
604,606,3
604,117,3
604,184,3
604,220,3
604,285,4
604,742,4
604,311,3
604,636,3
604,724,3
604,380,3
604,592,4
604,300,3
604,553,4
604,193,3
604,60,4
604,112,4
604,170,3
604,327,5
604,364,4
604,14,4
604,169,3
604,454,4
604,23,4
604,610,5
604,181,4
604,267,3
604,367,3
604,233,3
604,104,3
604,177,4
604,442,4
604,551,3
604,616,3
604,637,4
145,150,3
145,296,4
145,380,3
145,590,4
145,592,3
145,153,3
145,165,3
145,344,2
145,588,4
145,316,2
145,318,3
145,329,3
145,595,4
145,1,5
145,161,4
145,231,3
145,339,3
145,434,3
145,208,3
145,292,3
145,300,3
145,50,5
145,111,4
136,150,2
136,296,1
136,380,3
136,590,3
136,592,4
136,165,5
136,349,5
136,588,3
136,344,1
136,153,3
136,231,2
136,316,2
136,329,2
136,595,3
136,10,5
136,161,4
136,339,4
136,434,3
136,185,3
136,208,3
136,253,4
136,292,3
136,300,3
136,110,5
136,225,4
136,410,3
136,34,2
136,47,5
136,266,3
136,317,3
136,19,3
136,160,3
136,420,3
136,282,5
136,315,3
136,432,3
136,435,3
136,95,4
136,151,5
136,173,3
136,337,5
136,196,3
136,252,5
136,553,3
136,235,4
136,158,3
136,168,4
136,172,1
136,204,1
136,293,1
136,256,4
136,333,5
136,62,5
136,457,5
136,593,3
136,44,2
136,193,1
136,276,4
136,227,3
136,277,3
136,348,1
136,468,5
136,16,5
136,273,3
136,163,1
136,145,3
136,431,5
136,216,5
136,234,3
136,364,5
136,207,5
136,280,5
136,413,3
136,454,3
136,367,4
136,170,4
136,248,3
136,338,2
136,327,3
136,440,5
136,23,5
136,195,5
136,181,1
136,267,4
136,442,3
136,122,3
136,350,5
136,551,3
136,198,3
136,437,1
136,15,5
136,353,5
136,177,3
136,328,2
136,585,1
136,132,3
136,174,3
136,637,4
136,416,2
136,688,3
136,239,1
136,255,1
136,355,3
136,471,4
136,93,4
136,552,3
136,340,4
136,611,1
136,274,4
136,491,5
136,188,5
130,150,4
130,296,4
130,380,3
130,590,3
130,592,3
130,153,4
130,165,4
130,344,4
130,349,2
130,588,2
130,231,4
130,316,3
130,318,5
130,329,3
130,595,2
130,1,3
130,161,4
130,339,4
130,434,3
130,185,3
130,208,3
130,300,3
130,253,4
130,292,5
130,110,5
130,225,5
130,410,4
130,317,3
444,296,5
444,380,4
444,344,3
444,231,1
444,595,4
444,185,3
444,208,3
444,300,3
444,21,4
444,110,4
444,47,4
444,50,5
444,111,5
444,173,2
444,593,5
444,235,5
444,265,4
444,555,4
444,6,4
444,16,4
444,273,4
444,367,4
444,58,5
444,431,4
444,509,4
444,350,3
444,353,5
284,150,2
284,296,4
284,380,4
284,590,4
284,592,5
284,153,3
284,165,5
284,344,5
284,349,3
284,588,5
284,231,4
284,316,4
284,318,4
284,329,3
284,595,4
284,104,5
284,353,3
284,356,5
284,589,5
284,47,3
284,736,4
284,2,4
284,10,4
284,110,5
284,377,5
284,457,4
284,474,4
284,168,1
284,185,1
284,376,4
284,480,5
284,552,3
284,95,5
284,434,4
284,442,4
284,145,3
284,32,5
284,338,4
284,20,1
284,21,3
284,208,4
284,704,3
284,15,4
284,112,4
284,485,3
284,173,4
284,303,4
284,44,3
284,172,3
284,327,4
284,357,4
284,367,5
284,440,4
284,235,3
284,410,3
284,500,5
284,348,4
284,370,2
284,433,3
284,248,4
284,539,4
284,585,4
284,223,5
284,252,4
284,339,4
284,224,3
284,333,4
284,520,3
284,355,3
284,216,4
284,415,3
284,19,4
284,39,3
284,420,3
284,432,3
284,435,4
284,186,4
284,236,4
284,256,3
284,237,5
284,276,3
284,342,3
284,413,4
284,267,4
284,351,3
284,255,3
284,275,3
284,637,4
536,150,5
536,590,3
536,592,2
536,165,2
536,349,5
536,329,3
536,434,5
536,253,1
536,292,1
536,300,4
536,110,5
536,225,4
536,315,3
536,593,4
536,457,3
536,196,1
536,261,5
536,276,3
536,454,4
536,272,5
536,431,1
536,350,3
536,45,5
536,232,2
536,233,3
536,416,3
536,371,5
536,332,5
536,356,5
536,357,1
536,480,4
536,589,3
536,527,5
536,500,2
536,368,4
536,370,3
536,335,3
536,419,3
536,516,5
536,445,3
134,590,5
134,592,3
134,296,4
134,380,2
134,153,4
134,344,3
134,349,4
134,588,3
134,231,3
134,316,4
134,595,5
134,1,3
134,161,4
134,434,3
134,208,4
134,253,4
134,47,4
134,110,5
134,288,4
134,160,3
134,315,3
134,593,5
134,173,3
134,553,4
134,186,3
134,48,3
134,193,3
134,364,3
134,454,4
134,227,3
134,273,3
134,367,3
134,163,3
134,509,4
134,442,4
436,150,4
436,380,3
436,592,3
436,165,3
436,344,1
436,349,3
436,588,3
436,231,1
436,316,2
436,318,4
436,595,3
436,161,4
436,292,3
436,339,3
436,434,3
436,1,4
436,410,3
436,34,5
436,317,3
436,593,3
436,420,3
436,457,5
436,432,3
436,435,3
436,315,3
436,235,3
436,293,3
436,261,3
436,2,4
436,204,3
436,158,3
436,364,4
436,454,3
436,367,3
436,48,4
436,333,3
436,276,2
436,440,4
436,227,3
436,350,4
436,442,3
436,145,3
436,203,3
436,234,1
436,551,4
436,257,3
436,413,2
436,303,3
436,60,3
436,248,3
436,585,3
436,169,3
436,355,3
436,356,4
436,471,3
436,480,3
436,437,3
436,589,4
436,376,3
436,377,4
436,720,5
436,262,4
436,527,5
436,174,2
436,371,3
436,500,4
436,239,3
436,362,3
436,539,3
436,474,4
436,274,3
436,597,3
436,415,3
436,531,4
436,508,4
436,587,4
436,586,4
436,421,4
436,497,4
436,502,3
436,258,3
436,368,3
436,370,2
436,485,3
436,466,2
436,594,4
436,8,3
436,418,3
436,575,3
436,250,3
436,433,3
436,455,3
436,532,3
436,419,3
436,519,1
436,374,3
436,361,3
436,596,4
436,542,3
436,516,3
436,450,3
436,460,3
436,505,3
436,569,3
436,536,3
436,568,4
242,150,3
242,296,5
242,380,4
242,590,3
242,592,3
242,153,2
242,344,3
242,349,3
242,588,3
242,231,3
242,316,3
242,318,4
242,329,3
242,161,4
242,292,3
242,434,4
242,185,3
242,208,4
242,253,5
242,300,5
242,410,3
242,457,5
242,593,5
242,21,3
242,47,5
242,225,4
242,317,3
242,32,5
242,266,3
242,39,3
242,111,4
242,432,4
242,236,3
242,337,3
242,454,3
314,150,4
314,296,1
314,380,2
314,590,2
314,592,3
314,153,2
314,165,2
314,349,3
314,588,3
314,356,4
314,110,4
314,377,3
314,480,3
314,7,4
314,587,4
314,589,5
314,95,2
314,185,2
314,500,3
314,23,3
314,31,3
314,161,2
314,648,3
314,364,4
314,539,4
314,227,1
314,474,3
314,350,3
314,434,1
314,597,3
314,368,2
314,11,5
314,316,2
314,524,4
314,10,3
314,367,3
314,440,3
314,553,3
314,276,3
314,536,4
314,552,2
314,593,3
314,376,4
314,610,3
314,21,3
314,653,3
314,318,5
314,329,3
314,595,3
314,1,3
314,208,2
314,47,1
314,410,3
314,457,3
314,39,3
314,173,3
314,196,3
314,236,3
314,252,4
314,17,4
314,151,3
314,141,3
314,172,1
314,44,3
314,224,3
314,272,3
314,442,2
314,273,4
314,22,3
314,163,3
314,551,3
314,203,3
314,218,3
314,125,1
314,594,3
314,497,5
314,527,5
314,41,3
314,357,4
314,26,4
314,314,4
314,249,3
314,107,3
314,15,2
314,327,1
314,485,3
314,177,1
574,150,4
574,296,3
574,380,4
574,592,3
574,153,3
574,344,5
574,588,5
574,231,5
574,316,4
574,318,5
574,329,4
574,595,4
574,161,4
574,292,4
574,339,4
574,434,4
574,185,2
574,110,5
574,300,3
574,410,2
574,593,5
574,47,5
574,225,4
385,150,5
385,296,4
385,380,3
385,590,3
385,592,3
385,318,5
385,595,3
385,10,3
385,339,3
385,434,1
385,1,4
385,288,1
385,410,4
385,457,4
385,50,3
385,266,2
385,282,3
385,337,5
385,235,2
385,95,3
385,172,3
385,265,3
385,356,4
385,480,4
385,25,3
385,589,5
385,272,3
385,246,5
385,16,3
385,551,3
385,610,3
385,736,4
385,249,3
385,497,4
385,198,4
385,368,4
385,14,3
385,370,3
385,417,5
385,383,2
385,531,3
385,444,2
385,372,2
385,519,1
385,537,3
385,412,2
385,358,3
385,422,3
385,587,2
385,535,2
385,552,3
385,196,3
385,224,4
385,153,3
385,349,3
385,367,3
385,553,4
385,593,3
385,277,3
385,344,3
385,373,3
385,305,3
385,485,3
385,540,3
385,594,3
385,500,3
349,296,4
349,165,4
349,344,4
349,349,5
349,588,4
349,590,4
349,231,2
349,595,3
349,10,4
349,161,4
349,434,3
349,253,3
349,593,5
349,34,5
349,266,3
349,364,4
349,337,4
349,356,5
349,367,4
349,480,3
349,555,3
349,589,4
349,377,5
349,509,3
349,105,5
349,277,3
349,500,3
349,527,4
349,357,4
349,539,3
349,230,3
349,353,3
349,587,3
349,597,5
349,381,3
349,586,3
349,145,4
46,590,5
46,592,3
46,165,4
46,349,3
46,588,5
46,153,4
46,344,3
46,231,3
46,316,4
46,318,4
46,595,5
46,10,3
46,161,3
46,292,5
46,339,5
46,434,4
46,1,5
46,185,4
46,208,3
46,253,4
46,593,5
46,288,3
46,380,5
46,457,5
46,110,5
46,225,3
46,300,3
46,39,3
46,32,4
46,50,5
46,111,4
46,266,5
46,160,4
46,364,5
46,432,3
46,435,3
46,454,5
46,173,5
46,236,4
46,282,3
46,315,3
46,367,4
314,60,3
314,520,3
314,707,3
314,733,4
584,150,5
584,590,5
584,592,3
584,296,3
584,380,5
584,153,3
584,165,5
584,344,1
584,349,5
584,588,4
584,231,2
584,316,3
584,329,4
584,595,5
584,339,4
584,10,5
584,161,5
584,292,5
584,434,5
584,1,5
584,185,5
584,208,4
584,253,3
584,593,4
584,110,5
584,288,1
584,300,3
584,410,3
584,457,4
584,34,3
584,47,5
584,225,5
584,317,4
584,19,3
584,420,4
584,39,1
584,160,5
584,454,5
584,173,4
584,315,5
584,364,5
584,367,3
584,435,3
584,236,4
584,282,5
584,337,3
584,356,5
584,196,4
584,252,4
584,480,5
584,186,5
584,293,3
584,440,5
584,204,4
584,261,5
584,158,5
584,256,4
584,350,5
584,377,5
584,589,5
584,48,5
584,442,5
584,193,1
584,500,5
584,276,3
584,227,4
584,237,5
584,539,5
584,22,4
584,587,5
584,597,3
584,586,4
584,585,3
584,203,5
584,218,4
584,474,5
584,234,2
584,736,5
584,257,5
584,508,5
584,477,4
584,60,5
584,338,4
476,592,4
476,150,4
476,590,5
476,296,3
476,380,3
476,153,3
476,165,3
476,349,3
476,588,5
476,318,5
476,329,3
476,595,5
476,10,3
476,161,4
476,339,4
476,434,3
476,1,4
476,185,3
476,300,4
476,457,5
476,34,4
476,317,3
476,32,4
476,454,4
476,364,4
476,236,3
476,337,4
476,356,5
476,11,3
476,252,4
476,480,4
476,2,4
476,440,3
476,594,4
476,261,5
476,596,5
476,531,4
476,539,4
476,314,4
476,616,3
476,277,3
476,357,4
476,500,3
476,412,3
476,377,3
476,362,5
476,421,4
476,587,4
476,73,4
476,474,4
476,215,4
476,589,5
476,368,3
476,350,3
476,468,3
476,597,3
476,48,4
476,224,4
476,376,4
476,289,3
476,361,3
476,158,3
476,313,4
476,239,3
476,586,3
476,45,3
476,195,2
476,13,3
476,378,3
385,21,5
192,590,4
192,150,5
192,296,3
192,380,5
192,349,5
192,316,4
192,10,5
192,292,4
192,185,5
192,593,3
192,110,3
192,288,3
192,47,3
192,225,4
192,317,3
192,266,4
192,160,4
192,454,4
192,315,4
192,432,4
192,356,5
192,480,5
14,592,2
14,150,4
14,590,4
14,296,3
14,153,2
14,344,2
14,231,3
14,318,3
14,339,4
14,434,4
14,593,4
14,110,5
14,288,4
14,47,5
14,19,1
14,32,4
14,266,5
14,39,3
14,367,1
14,282,5
14,337,5
14,356,4
14,553,4
14,480,3
14,95,5
14,377,3
14,509,5
14,105,3
14,193,3
14,527,3
14,25,4
14,539,4
14,597,3
14,586,3
14,508,3
14,552,3
14,477,4
14,376,4
14,4,3
14,491,3
14,351,3
14,383,4
14,540,3
14,455,3
14,7,3
14,524,3
14,448,3
14,784,1
314,728,4
411,150,5
411,296,5
411,380,4
411,590,5
411,592,3
411,165,3
411,344,2
411,349,3
411,318,4
411,231,2
411,316,4
411,329,3
411,10,3
411,292,3
411,339,3
411,161,4
411,434,3
411,185,4
411,208,4
411,253,3
411,457,4
411,593,5
411,1,5
411,110,4
411,288,3
411,300,3
411,21,4
411,34,4
411,47,4
411,225,4
411,50,3
411,266,3
411,111,4
411,160,3
411,364,4
411,454,4
411,367,2
411,432,3
411,236,3
411,282,4
411,356,5
411,553,5
411,11,4
411,151,4
411,252,3
411,480,5
411,2,4
411,235,3
411,440,3
411,204,3
411,261,3
411,158,3
411,265,3
411,350,4
411,589,3
411,256,3
411,377,3
411,224,1
411,442,3
411,509,2
411,31,4
411,105,3
411,500,4
411,527,5
411,62,5
411,223,4
411,357,3
411,272,2
411,276,3
411,539,3
411,551,4
411,237,3
411,246,5
411,587,4
411,597,3
411,22,3
411,227,3
411,348,2
411,586,4
411,353,2
411,230,4
411,515,2
411,585,3
411,218,3
411,474,3
411,280,4
411,355,3
411,431,3
411,216,3
411,508,5
411,257,3
411,427,1
411,477,3
411,327,1
411,170,3
411,281,3
411,471,4
411,249,2
411,368,4
411,376,4
411,648,5
411,4,2
411,122,2
411,351,3
411,371,4
411,194,3
411,383,2
411,529,3
411,52,2
411,540,3
411,455,3
411,372,3
411,419,2
411,708,3
411,159,3
411,534,2
411,46,2
411,191,3
411,275,1
411,661,2
411,180,2
411,382,3
411,7,3
411,524,3
411,489,3
411,271,3
411,448,4
541,380,4
541,590,5
541,592,3
541,153,3
541,165,3
541,344,3
541,349,5
541,588,3
541,316,5
541,318,4
541,329,4
541,595,3
541,10,4
541,161,5
541,434,3
541,208,2
541,253,4
541,457,5
541,593,4
541,1,3
541,110,5
541,288,1
541,410,3
541,47,1
541,19,2
541,50,5
541,364,3
541,454,4
541,367,2
541,356,5
541,553,4
541,11,4
541,196,3
541,480,5
541,293,3
541,95,3
541,350,4
541,589,3
541,377,3
541,224,4
541,442,3
541,357,4
541,539,5
541,551,3
541,597,3
541,22,4
541,586,1
541,608,3
541,163,2
541,203,3
541,218,4
541,474,4
541,413,1
541,508,5
541,552,3
541,610,3
541,303,3
541,497,4
541,248,3
541,281,3
541,471,3
541,368,3
541,648,5
541,491,3
541,371,3
541,594,5
541,362,5
541,720,5
541,529,4
541,15,3
541,132,4
541,415,3
541,540,3
541,345,3
541,259,3
541,361,3
541,444,2
541,546,1
541,535,1
541,7,4
541,524,4
541,464,3
541,544,3
541,745,5
541,445,3
541,472,3
541,453,2
273,590,2
273,592,3
273,150,3
273,296,4
273,344,4
273,588,5
273,329,5
273,595,5
56,296,4
56,380,4
56,592,3
273,593,5
56,153,4
56,165,3
56,344,5
56,349,4
56,231,5
56,316,3
56,318,4
56,329,3
56,593,5
56,161,4
56,292,4
56,434,3
56,10,4
56,185,3
56,208,4
56,253,3
56,457,4
56,110,4
56,288,3
56,410,3
56,19,5
56,47,5
56,225,4
56,317,4
56,364,5
56,420,3
56,454,3
56,39,4
56,160,3
56,356,5
56,367,3
56,480,5
56,173,3
56,315,4
56,589,4
56,11,4
56,196,3
56,333,3
56,493,4
56,733,4
56,69,4
56,370,3
56,786,4
273,783,4
273,12,1
273,410,4
273,21,5
273,34,4
273,367,4
273,435,4
273,236,4
273,252,3
273,440,4
273,235,5
273,357,5
273,500,4
273,223,5
273,224,5
273,539,3
273,586,1
273,608,3
273,497,5
273,552,3
273,248,4
273,466,4
273,520,3
273,345,5
273,514,5
273,532,4
273,180,4
273,171,5
273,472,3
273,253,3
273,457,4
273,1,5
273,32,5
273,364,5
273,111,4
273,480,4
273,282,4
273,337,4
273,589,5
273,471,5
273,661,4
102,590,4
102,592,3
102,150,3
102,296,5
102,380,3
102,153,3
102,165,3
102,344,4
102,349,4
102,588,4
102,231,3
102,318,4
102,161,3
102,434,3
102,593,4
102,253,3
102,457,4
102,47,5
102,288,4
102,21,3
102,39,3
102,364,4
102,454,4
102,160,3
102,266,3
102,356,5
102,173,2
102,315,3
102,432,3
102,480,3
102,236,3
102,553,4
102,589,4
102,377,3
102,440,3
102,186,3
102,293,3
102,350,3
102,172,3
102,204,2
102,158,3
102,329,2
102,420,3
102,500,4
102,539,3
102,223,5
102,586,4
102,163,3
102,237,3
102,552,3
102,6,3
102,474,4
102,23,3
102,540,1
314,761,3
314,344,2
314,62,4
455,592,3
455,590,4
455,150,3
455,380,3
455,165,3
455,588,3
455,349,4
455,344,3
455,316,3
455,318,5
455,329,3
455,595,3
455,161,4
455,292,3
455,339,3
455,434,3
455,593,5
455,253,3
455,457,4
455,110,4
455,288,2
455,300,4
455,34,4
455,225,3
455,317,3
455,50,3
455,364,3
455,420,3
455,454,3
455,111,3
455,266,4
455,356,5
455,480,3
455,315,3
455,367,3
455,432,3
455,435,2
455,282,3
455,589,3
455,11,4
455,252,3
455,440,3
455,151,3
455,377,4
455,261,4
455,350,4
455,500,3
455,527,5
455,357,4
455,509,4
455,539,4
455,555,3
455,587,5
455,597,4
455,62,4
455,272,4
455,551,3
162,592,4
162,590,4
162,150,4
162,296,3
162,17,5
162,62,5
162,783,4
162,153,4
162,318,5
162,292,4
162,50,4
162,225,3
162,300,3
162,266,4
162,356,5
162,337,3
162,261,5
162,527,5
162,168,3
162,509,4
162,587,3
162,16,5
162,36,5
162,272,5
162,145,5
162,508,5
162,381,5
162,515,5
162,608,5
162,224,4
162,277,5
162,31,4
162,802,5
314,780,3
162,207,3
162,280,5
162,4,3
162,371,3
162,534,5
385,194,1
385,62,3
385,534,3
229,592,3
229,590,3
229,150,5
229,296,5
229,380,4
229,153,3
229,344,3
229,349,4
229,329,4
229,318,5
229,10,4
229,185,4
229,253,3
229,110,5
229,410,3
229,288,4
229,454,4
229,19,3
229,225,4
229,34,5
229,356,4
229,21,4
229,367,3
229,290,4
229,213,3
229,475,4
229,589,5
229,457,5
229,593,4
229,434,3
26,150,3
26,296,4
26,380,3
26,592,4
26,153,3
26,165,4
26,344,3
26,349,3
26,434,2
26,457,4
26,593,4
26,10,3
26,185,3
26,208,2
26,47,4
26,288,3
26,300,3
26,34,3
26,225,3
26,356,3
26,454,4
447,592,3
447,590,3
447,150,4
447,296,5
447,380,4
447,153,4
447,165,4
447,344,3
447,349,4
447,588,5
447,316,3
447,318,5
447,329,4
447,595,4
447,292,3
447,457,4
447,593,4
447,434,4
447,10,3
447,253,4
447,339,3
447,110,5
447,288,5
447,410,3
447,225,4
447,454,4
447,356,4
447,364,4
447,420,3
447,480,4
447,160,2
447,266,5
447,367,4
447,589,4
447,315,4
447,377,3
447,236,3
447,337,3
447,500,3
447,553,4
447,2,5
447,350,4
447,587,5
447,597,4
447,293,5
447,357,3
447,586,2
447,442,4
447,44,5
447,48,3
447,168,4
447,31,4
447,474,5
447,277,4
447,353,5
447,508,3
447,227,3
447,145,3
447,368,5
447,552,5
447,370,4
447,594,4
447,466,4
447,520,3
447,257,3
447,303,5
447,427,4
447,362,5
447,540,4
447,383,5
447,531,5
447,345,3
447,532,3
447,415,3
447,374,3
447,519,4
447,382,4
447,445,4
243,380,3
243,592,3
243,153,4
243,165,5
243,588,3
243,595,3
243,161,5
243,434,5
243,10,5
243,410,4
243,356,4
243,420,4
243,589,4
243,377,5
243,173,3
243,527,3
243,586,3
243,172,5
243,442,4
243,44,4
243,48,4
243,193,5
243,62,5
243,353,5
243,36,4
243,736,5
243,227,5
243,648,5
243,145,4
243,181,3
243,485,3
243,466,5
243,520,5
243,376,3
243,248,4
243,112,5
314,647,5
592,592,5
592,590,4
592,150,5
592,296,4
592,380,5
592,165,3
592,153,3
592,344,4
592,349,4
592,588,5
592,316,4
592,318,4
592,595,5
592,161,4
592,457,5
592,593,5
592,10,3
592,185,3
592,208,4
592,253,4
592,339,5
592,110,5
592,364,5
592,356,5
592,317,4
592,21,3
592,19,4
592,420,3
592,480,5
592,39,4
592,160,3
592,367,4
592,589,5
592,377,3
592,432,3
592,435,3
592,315,2
592,500,5
592,173,3
592,553,5
592,196,3
592,539,5
592,587,4
592,2,4
592,586,4
592,597,3
592,204,3
592,293,4
592,95,3
592,442,4
592,44,3
592,158,4
592,333,3
592,551,1
592,353,4
592,6,3
592,163,5
592,355,3
592,648,4
592,485,3
592,594,3
592,520,2
592,610,4
592,198,5
592,112,3
592,540,3
592,419,3
592,733,5
592,415,1
592,437,3
592,514,3
592,15,4
592,533,4
592,177,1
592,24,4
592,93,3
592,489,3
592,405,1
592,490,4
592,325,3
592,780,5
592,240,2
592,788,3
592,454,3
592,145,3
592,276,3
592,277,3
592,303,3
592,231,3
592,225,3
592,329,3
592,434,3
592,141,3
592,368,3
485,150,5
485,380,5
485,590,5
485,592,3
485,165,5
485,349,5
485,588,4
485,231,1
485,316,3
485,329,4
485,292,5
485,161,5
485,434,4
485,457,4
485,593,5
485,10,4
485,185,5
485,208,1
485,253,1
485,339,4
485,110,3
485,300,3
485,356,5
385,45,3
385,588,4
385,233,4
385,376,3
229,435,3
229,236,5
229,440,4
229,500,4
229,539,4
229,357,4
229,586,3
229,141,4
229,237,4
229,342,4
229,348,3
229,5,3
229,45,3
229,305,3
229,345,4
229,489,3
229,364,4
229,165,3
229,480,3
229,377,4
229,353,3
229,474,3
229,648,4
229,736,4
229,1,5
229,300,3
229,282,4
229,527,4
229,587,3
229,597,3
229,442,3
229,509,3
229,265,4
229,508,4
229,36,4
385,32,4
385,215,3
404,296,3
404,380,3
404,590,4
404,165,3
404,349,4
404,588,4
404,316,3
404,318,4
404,161,4
404,292,3
404,434,3
404,457,4
404,593,4
404,185,4
404,208,4
404,339,3
404,110,4
404,356,4
404,34,4
404,47,3
404,364,3
404,454,3
404,480,4
404,21,3
404,367,3
404,266,3
404,377,4
404,315,3
404,440,4
404,500,4
404,236,3
404,539,4
404,587,3
404,11,4
404,357,4
404,553,3
404,597,3
404,350,3
404,151,3
404,196,3
404,17,4
404,141,4
404,172,3
404,204,3
404,509,4
404,261,3
404,265,3
404,474,3
404,62,4
404,224,3
404,105,3
404,193,3
404,277,3
404,508,3
404,36,3
404,272,3
404,273,3
404,515,3
404,368,3
404,527,4
273,587,3
273,597,4
273,442,3
273,509,5
142,590,4
142,592,3
142,150,5
142,296,5
142,380,4
142,165,3
142,344,4
142,349,3
142,588,5
142,34,4
142,356,4
142,364,4
142,527,5
142,595,4
142,231,3
142,593,5
142,161,5
142,292,3
142,434,3
142,457,4
142,36,4
142,589,3
142,193,2
142,337,4
142,373,3
142,480,3
142,50,5
142,367,4
142,481,3
142,47,4
142,508,4
142,474,4
142,281,4
142,225,4
142,377,4
142,384,3
142,440,4
142,95,3
507,590,3
507,150,3
507,153,3
507,165,3
507,349,3
507,316,3
507,593,3
507,595,3
507,457,4
507,253,3
507,339,4
507,110,3
507,356,4
507,480,4
507,34,5
507,47,3
507,454,3
507,589,3
507,39,3
507,377,5
507,266,3
394,150,3
394,590,2
394,592,3
394,380,3
394,153,3
394,344,2
394,588,2
394,316,2
394,595,2
394,457,4
394,185,3
394,208,1
394,339,3
394,110,5
394,356,4
394,410,2
394,480,3
394,34,3
394,454,2
394,225,4
394,367,3
394,50,5
394,553,4
498,153,3
498,434,3
498,150,5
498,296,4
498,590,3
498,592,3
498,380,3
498,349,5
498,588,5
498,231,5
498,457,5
498,318,5
498,292,3
498,316,2
498,344,2
498,161,5
498,10,3
498,185,3
498,208,3
498,339,5
498,110,5
498,356,5
498,480,4
498,34,3
498,47,3
498,300,4
498,364,5
498,454,5
498,333,5
498,7,4
498,216,5
498,648,5
498,104,5
498,585,4
498,62,5
444,97,5
444,100,3
444,592,3
444,318,4
444,288,3
444,356,5
444,410,4
444,454,3
444,480,3
444,589,4
444,266,3
444,500,3
444,527,5
444,586,3
444,357,4
588,592,2
588,150,3
588,296,5
588,380,3
588,590,3
588,165,4
588,344,3
588,349,4
588,231,2
588,316,2
588,593,5
588,161,4
588,292,3
588,318,5
588,434,3
588,457,5
588,10,3
588,185,1
588,208,2
588,253,2
588,110,5
588,288,3
588,356,3
588,480,3
588,47,3
588,300,4
588,364,3
588,454,3
588,21,3
588,225,3
588,367,1
588,589,3
588,431,3
588,6,5
588,16,4
588,428,4
588,778,5
588,42,3
588,527,4
588,50,5
588,36,2
588,733,4
588,766,3
588,25,3
588,333,4
588,147,3
588,223,5
588,204,2
588,20,2
588,175,4
588,198,3
588,163,3
588,217,1
588,3,3
588,350,3
588,22,3
8,150,4
8,296,4
8,380,5
8,590,5
8,592,3
8,153,2
8,231,4
8,593,4
8,292,3
8,318,5
8,457,3
8,10,2
8,185,5
8,208,3
8,253,5
8,339,3
8,110,3
8,356,3
8,480,4
8,34,5
8,47,4
8,364,5
8,454,4
8,21,4
8,367,3
8,32,3
8,500,2
8,39,3
8,50,5
8,317,3
8,377,4
8,432,1
8,586,3
8,587,3
8,440,3
8,527,5
8,539,3
8,597,3
8,236,3
8,282,3
8,357,5
8,2,4
8,11,4
8,186,4
8,252,3
8,141,3
8,235,3
486,150,5
486,296,5
486,380,3
486,592,4
486,153,5
486,165,3
486,344,3
486,349,4
486,588,3
486,288,2
486,648,5
486,780,5
486,21,4
486,356,5
486,457,5
486,231,3
486,316,3
486,593,3
486,161,5
486,292,4
486,329,5
486,434,3
486,318,5
486,208,4
486,253,4
486,39,3
486,110,5
486,266,5
486,47,3
486,480,5
486,589,5
486,10,4
486,377,4
486,733,5
486,736,5
486,95,3
486,474,5
486,653,3
486,6,5
486,494,5
486,533,3
486,32,5
486,44,4
486,86,5
486,112,5
486,353,5
486,442,3
486,464,3
486,555,4
486,173,4
486,546,3
486,163,4
486,405,3
486,198,2
486,293,5
486,327,2
273,262,4
314,786,3
314,32,3
385,780,3
385,206,2
54,639,3
54,457,3
54,593,4
54,356,4
54,47,3
54,410,3
54,454,3
54,480,3
54,589,3
54,21,3
54,377,3
54,420,2
54,500,3
54,586,2
54,469,3
176,150,4
176,296,3
176,590,4
176,592,3
176,380,5
176,153,3
176,165,4
176,344,2
176,349,4
176,588,3
176,377,4
176,589,5
176,733,5
176,780,4
176,231,4
176,316,4
176,593,5
176,329,5
176,292,3
176,318,5
176,434,4
176,457,5
176,168,5
176,370,3
176,553,5
176,39,3
176,110,5
176,383,4
176,520,3
176,161,4
176,10,5
176,454,4
176,368,4
176,471,5
176,485,3
176,47,5
262,296,3
262,380,3
262,457,2
262,593,2
262,318,3
262,10,2
262,339,2
262,300,3
262,225,3
262,367,3
262,21,3
262,50,3
262,317,3
262,587,2
262,539,2
262,440,2
262,509,3
262,17,3
262,141,3
262,265,2
262,25,3
262,48,1
262,224,3
262,36,5
262,497,4
262,515,5
262,273,5
262,272,5
262,594,4
262,608,5
262,348,3
262,552,4
262,230,4
262,540,3
262,4,1
262,7,3
262,260,4
262,233,3
262,535,3
262,708,3
262,132,3
262,164,3
262,322,3
262,85,3
262,57,3
262,26,3
262,640,3
262,334,3
262,728,3
262,294,3
262,213,5
262,28,5
262,125,2
262,538,2
262,135,3
262,428,3
262,290,4
170,592,3
170,590,4
170,150,3
170,296,2
170,595,3
170,593,4
170,161,4
170,318,5
170,208,4
170,110,4
170,356,4
170,454,3
170,480,3
170,364,3
170,410,1
170,420,3
170,500,4
170,586,3
170,587,4
170,539,4
170,597,4
170,282,4
170,350,3
170,553,4
170,736,3
170,153,3
170,344,3
170,588,3
170,457,3
170,10,3
170,292,3
170,339,4
170,34,5
170,185,3
170,377,4
170,266,4
170,315,3
170,95,3
170,168,4
170,48,4
170,277,3
170,368,3
170,355,2
170,594,3
170,181,3
170,203,3
170,5,3
170,376,3
170,207,3
170,733,3
314,808,3
102,3,5
102,802,3
385,6,3
385,533,3
602,592,4
602,150,4
602,296,5
602,380,3
602,590,3
602,153,4
602,165,5
602,344,2
602,349,4
602,231,2
602,316,3
602,457,5
602,593,5
602,161,4
602,292,3
602,318,5
602,329,3
602,434,3
602,253,3
602,10,3
602,208,3
602,339,3
602,356,3
602,110,5
602,185,3
602,288,3
602,454,3
602,480,4
602,300,5
602,364,4
602,589,5
602,47,5
602,410,4
602,19,2
602,34,1
602,225,3
602,367,5
602,377,4
602,21,4
602,50,5
602,500,4
602,39,5
602,160,3
602,586,1
602,587,4
602,597,2
602,32,3
602,266,4
602,527,5
602,539,3
602,173,3
602,350,3
602,357,4
602,432,1
602,440,4
602,11,3
602,282,2
602,315,3
602,553,2
602,2,4
602,337,5
602,442,3
602,509,1
602,151,4
602,252,3
602,474,5
602,95,3
602,141,4
602,204,4
602,235,4
602,293,3
602,158,3
602,172,3
602,508,3
602,25,4
602,347,3
602,14,5
602,260,5
602,648,4
602,290,3
602,501,2
602,535,1
602,805,3
602,6,3
602,45,5
602,198,3
602,16,3
602,164,4
602,471,4
602,551,4
602,176,4
602,215,3
602,224,3
602,229,3
602,647,3
602,373,5
602,733,4
602,786,4
602,36,3
602,100,3
602,230,4
602,246,3
602,354,3
602,280,3
602,533,3
602,555,3
602,371,3
602,608,5
602,780,4
602,22,3
602,422,3
602,448,3
602,550,4
602,125,3
602,170,3
602,281,3
602,475,5
602,428,3
602,529,3
602,861,4
602,52,3
602,144,3
602,171,3
602,362,3
602,194,2
602,431,3
602,761,3
602,29,2
602,163,3
602,193,2
602,481,3
602,482,3
602,368,2
602,417,2
602,494,4
179,150,4
179,590,4
179,592,3
179,296,4
179,380,4
179,153,3
179,165,4
179,344,3
179,349,4
179,457,4
179,231,3
179,316,3
179,593,4
179,292,4
179,161,5
179,318,5
179,329,3
179,434,4
179,208,3
179,253,4
179,339,3
179,356,5
179,110,5
179,185,4
179,288,4
179,454,4
179,480,4
179,47,4
179,300,3
179,364,4
179,410,3
179,589,5
179,19,3
179,34,5
179,225,5
179,367,3
179,377,5
179,317,5
179,420,3
179,500,4
109,150,3
109,296,5
109,380,3
109,592,4
109,153,3
109,165,3
109,344,2
109,349,3
109,588,3
109,231,3
109,457,4
109,593,4
109,161,3
109,318,5
109,329,2
109,253,3
109,356,5
109,110,5
109,288,5
109,454,3
109,480,3
109,590,3
109,47,3
109,410,3
109,34,3
109,300,3
109,364,3
109,367,3
109,589,3
109,21,3
109,377,3
109,500,3
109,39,3
109,50,4
109,586,3
109,32,4
109,527,3
109,587,3
109,597,3
109,266,3
109,357,4
109,440,3
109,553,5
109,173,2
109,432,3
109,11,4
109,315,2
109,442,3
109,151,4
109,252,3
109,474,3
109,235,3
109,168,3
109,256,3
109,551,3
109,62,5
109,353,3
109,555,4
109,25,5
109,31,3
109,6,3
109,223,3
109,355,3
109,273,3
109,370,3
109,485,2
109,16,4
109,272,3
109,163,3
109,246,3
109,348,3
109,230,3
109,780,3
109,45,3
109,216,2
109,477,3
109,198,3
109,540,3
109,543,3
109,371,3
109,319,3
109,122,3
109,383,3
109,14,4
109,514,3
109,361,3
109,175,5
109,802,4
109,535,3
109,52,3
109,354,3
109,144,3
109,481,3
109,18,3
109,233,3
109,524,3
109,154,3
109,537,3
109,346,4
109,437,2
109,516,3
109,135,3
109,743,3
109,788,3
109,490,3
109,422,3
109,36,5
109,366,3
109,76,3
109,1027,3
109,1020,3
109,1032,3
109,1021,3
109,1033,3
109,1015,3
109,805,4
109,852,3
109,290,3
109,507,4
109,528,3
109,283,2
38,592,4
38,150,4
38,590,4
38,296,3
38,380,3
38,153,3
38,588,3
38,457,5
38,593,3
38,595,4
38,292,3
38,161,4
38,318,5
38,329,3
38,434,2
38,208,1
38,253,1
38,339,3
38,356,3
38,110,5
38,454,4
38,480,3
38,300,4
38,364,2
38,410,3
38,367,2
38,377,3
38,21,3
38,50,5
38,317,3
38,500,3
38,39,3
38,586,3
38,597,2
38,266,1
38,435,2
38,527,5
38,539,3
38,350,4
38,357,5
38,432,3
38,440,3
38,11,5
38,282,3
38,509,2
38,337,3
38,17,3
38,151,5
38,252,2
38,235,4
38,508,3
38,168,4
38,551,4
38,48,3
38,62,3
38,555,2
38,585,3
38,193,1
38,224,4
38,368,4
38,736,2
38,105,3
38,648,4
38,223,5
38,355,3
38,485,3
38,237,3
38,273,2
38,497,5
38,466,3
38,163,1
38,246,5
38,468,3
38,342,3
38,552,3
38,203,3
38,376,4
38,222,3
235,150,5
235,296,4
235,380,4
235,590,4
235,592,3
235,344,2
235,349,3
235,588,4
235,153,3
235,457,4
235,593,5
235,595,5
235,161,3
235,318,4
235,329,3
235,434,3
235,10,2
235,208,1
235,356,5
235,110,4
235,454,3
235,480,4
235,300,5
235,364,5
235,410,2
235,589,4
235,34,4
235,377,5
235,21,4
235,500,4
235,39,3
235,586,3
235,597,4
235,32,4
235,435,2
235,539,4
235,527,5
235,350,3
235,357,4
235,440,4
235,11,4
235,509,3
235,186,3
235,474,3
235,235,4
235,508,4
235,265,4
235,551,3
235,48,3
235,62,5
235,585,3
235,25,5
235,224,3
235,368,2
235,736,4
235,36,4
235,648,3
235,223,4
235,355,3
235,515,3
235,370,3
235,594,4
235,246,4
235,348,4
235,780,5
109,778,4
512,590,3
512,150,4
512,296,5
512,380,3
512,165,5
512,344,2
512,349,3
512,588,3
512,316,3
512,457,5
512,593,5
512,595,4
512,161,4
512,292,3
512,318,5
512,434,3
512,208,3
512,253,5
512,356,5
512,110,5
512,185,3
512,288,5
512,454,4
512,480,4
512,47,5
512,300,4
512,364,4
512,589,3
512,225,3
512,377,4
512,367,3
512,50,5
512,317,3
512,500,3
512,39,4
512,160,4
512,586,3
512,587,4
512,597,4
512,32,5
512,527,5
512,539,3
512,350,3
512,553,3
512,151,5
512,474,4
512,2,3
512,337,3
512,442,3
512,509,2
395,590,3
395,296,3
395,380,3
395,165,3
395,588,2
395,231,3
395,316,3
395,595,3
395,329,3
395,10,3
395,208,5
395,339,4
395,356,3
395,110,4
395,480,4
395,364,3
395,410,3
395,589,3
395,34,3
395,367,4
395,377,3
395,420,3
395,317,3
395,500,3
395,160,4
395,586,3
395,597,4
395,527,2
395,173,4
395,440,3
395,2,3
395,95,3
395,158,3
395,172,4
395,168,3
395,256,3
395,48,2
395,368,4
395,648,5
395,592,3
395,552,4
395,374,3
395,520,4
395,596,3
395,485,2
395,1027,3
395,616,3
395,60,3
395,484,1
395,519,4
395,1024,3
395,466,3
395,355,3
395,421,3
395,502,3
395,455,1
395,1025,3
395,126,2
395,1022,3
395,181,1
395,1032,1
109,610,3
109,104,2
314,6,3
386,592,1
386,296,5
386,380,3
386,590,2
386,153,2
386,165,2
386,349,2
386,329,3
386,593,4
386,457,3
386,292,1
386,316,3
386,318,3
386,434,2
386,10,3
386,161,3
386,185,1
386,208,2
386,110,3
386,288,1
386,480,2
386,34,4
386,47,3
386,377,3
386,589,3
386,21,4
386,300,3
386,367,1
386,410,3
386,39,3
386,586,3
386,50,3
386,160,3
386,32,3
386,173,2
386,442,3
386,474,3
386,293,3
386,196,2
386,204,1
386,25,2
386,44,2
386,333,3
386,585,3
386,172,2
386,6,3
386,223,3
386,485,2
386,648,3
386,163,4
386,608,4
386,16,4
386,22,3
386,780,2
386,610,3
386,45,3
386,733,3
386,319,3
386,532,4
386,383,4
386,494,2
386,112,4
386,303,4
386,305,3
386,477,3
386,198,2
386,20,2
386,786,3
109,347,3
109,249,4
385,707,3
385,1036,3
385,1012,3
385,1032,3
385,1079,4
385,1023,4
385,1029,3
385,539,3
385,1028,3
385,1019,3
385,1080,4
385,1022,3
385,1031,3
385,1007,2
385,596,3
385,1017,2
385,247,3
385,1081,2
385,1011,2
385,1009,2
385,421,3
385,466,3
385,1014,3
385,1013,3
385,1035,3
385,427,2
321,150,4
321,380,5
321,592,4
321,153,5
321,165,3
321,344,3
321,588,3
321,231,3
321,457,3
321,593,4
321,595,3
321,292,4
321,316,4
321,356,5
321,161,3
321,253,3
321,480,4
321,288,3
321,454,4
321,208,3
321,339,3
321,364,4
321,367,4
321,589,3
321,225,4
321,377,3
321,410,3
321,500,4
321,19,3
321,317,5
321,21,3
321,586,3
321,587,3
321,2,5
321,141,4
321,736,4
321,780,4
321,256,4
321,355,3
321,597,3
321,350,4
321,539,3
321,158,3
321,186,4
321,802,5
321,252,4
321,440,3
321,5,3
321,349,3
321,648,3
321,160,4
321,237,3
321,3,3
321,24,4
321,276,3
321,371,3
530,590,5
530,150,4
530,380,2
530,349,4
530,329,3
530,457,5
530,593,4
530,292,4
530,356,5
530,161,3
530,480,4
530,208,3
530,339,4
530,454,5
530,300,3
530,377,3
530,500,3
530,586,3
530,587,5
530,597,4
530,440,4
530,539,4
530,350,3
530,11,4
530,509,3
530,474,4
530,592,4
173,150,4
173,296,1
173,592,3
173,153,3
173,588,3
173,316,3
173,595,3
173,329,4
173,356,5
173,10,3
173,253,3
173,480,4
173,110,3
173,589,3
173,377,3
173,410,3
173,500,4
173,586,3
173,587,3
173,597,3
173,357,5
173,527,5
173,17,4
94,150,4
94,296,4
94,380,3
94,590,4
94,592,3
94,153,3
94,165,4
94,344,3
94,588,4
94,231,3
94,316,4
94,457,4
94,593,3
94,292,3
94,318,5
94,329,4
94,356,3
94,434,3
94,10,3
94,161,4
94,185,2
94,253,1
94,480,4
94,110,5
94,208,2
94,288,2
94,34,4
94,47,2
94,364,4
94,367,3
94,589,4
94,225,3
94,377,3
94,410,3
94,500,3
94,19,2
94,21,3
94,420,3
94,586,3
94,32,5
94,39,1
94,317,3
94,587,3
94,597,2
94,160,3
94,357,1
94,266,3
94,432,3
94,435,1
94,11,3
94,282,3
94,17,1
94,95,3
94,2,4
94,44,1
94,337,3
314,852,3
133,150,3
133,296,3
133,590,2
133,592,3
133,380,3
133,153,1
133,349,2
133,588,3
133,457,4
133,593,3
133,318,4
133,356,4
133,110,3
133,185,2
133,480,3
133,253,2
133,288,2
133,589,3
133,47,4
133,367,3
133,454,3
133,50,3
133,223,3
133,1036,3
133,32,4
133,555,3
133,474,3
133,527,4
133,529,3
133,539,3
133,524,3
133,300,3
133,377,3
133,471,4
133,780,3
446,592,3
446,150,3
446,296,4
446,380,2
446,590,4
446,153,1
446,165,3
446,349,3
446,588,3
446,231,1
446,595,4
446,329,3
446,457,3
446,593,5
446,316,4
446,356,3
446,434,2
446,480,4
446,208,2
446,292,3
446,339,3
446,10,3
446,253,3
446,288,4
446,454,3
446,47,4
446,364,3
446,377,3
446,589,5
446,367,3
446,500,3
446,34,5
446,300,3
446,21,3
446,586,3
446,587,3
446,597,3
446,39,3
446,50,4
446,317,3
446,527,5
446,539,3
446,32,4
446,160,3
446,357,4
446,440,3
446,350,3
446,266,2
446,236,3
446,282,2
446,509,3
446,2,3
446,11,4
446,17,5
446,442,3
446,95,4
446,151,4
446,186,3
446,508,5
446,141,4
446,337,5
446,551,3
446,168,1
446,172,2
446,235,3
446,555,3
446,256,3
446,265,4
446,585,3
446,25,3
446,368,3
446,648,4
446,237,3
446,520,1
446,594,4
446,780,3
446,16,3
446,224,4
446,273,1
446,223,4
446,497,4
446,45,3
446,342,3
446,733,3
109,733,3
173,141,4
173,171,5
117,150,4
117,590,4
117,592,3
117,296,4
117,380,4
117,153,3
117,165,3
117,344,2
117,588,4
117,593,5
117,231,2
117,329,3
117,349,3
117,457,4
117,595,4
117,356,4
117,434,3
117,292,4
117,316,3
117,318,5
117,161,3
117,185,3
117,253,4
117,339,3
117,480,4
117,10,3
117,110,5
117,288,2
117,454,3
117,300,4
117,364,4
117,410,3
117,589,4
117,19,2
117,47,4
117,367,3
117,377,3
117,500,4
117,21,4
117,225,3
117,586,4
117,587,4
117,597,3
117,50,4
117,420,3
117,527,5
117,539,4
117,32,3
117,39,3
117,160,3
117,350,3
117,357,3
117,11,4
117,266,4
117,315,3
117,440,4
117,236,3
117,432,3
117,553,4
117,2,3
117,282,3
117,442,3
117,474,3
117,141,4
117,151,3
117,186,3
117,252,4
117,508,3
117,17,3
117,44,2
117,551,4
117,158,3
117,168,3
117,172,3
117,261,3
117,48,3
117,204,3
117,235,3
117,256,3
117,293,3
117,6,3
117,36,3
117,193,2
117,485,3
117,555,2
117,353,3
117,585,3
117,736,2
117,62,4
117,224,4
117,333,3
117,368,4
117,648,3
117,237,3
117,272,4
117,273,3
117,520,3
117,497,4
117,31,3
117,277,4
117,594,4
117,780,3
117,227,3
117,733,3
117,34,3
117,317,3
117,596,4
117,805,4
117,1036,3
117,475,3
117,529,3
117,608,3
117,647,3
117,249,4
117,280,3
117,362,4
117,783,4
117,802,3
117,7,4
117,515,4
117,531,3
117,616,4
117,1035,4
117,3,3
117,73,4
117,262,3
117,534,3
117,491,5
117,41,4
117,105,3
117,552,4
117,745,4
117,26,4
117,524,3
117,610,3
117,230,3
117,1022,4
117,1023,3
117,1028,4
117,1079,4
117,5,3
117,60,3
117,708,3
117,1027,3
117,653,3
117,778,3
117,786,3
117,661,3
117,861,3
117,719,4
117,852,3
117,765,3
117,788,3
117,799,4
117,848,3
117,986,3
117,804,3
117,828,3
117,782,3
117,656,3
117,697,3
117,849,3
117,762,3
117,880,3
117,747,3
314,640,3
385,85,3
385,501,3
385,112,3
385,1073,4
501,10,4
501,11,3
501,21,3
501,32,3
501,50,3
501,2,3
501,17,3
501,95,4
501,141,5
501,736,5
501,6,3
501,25,2
501,36,3
501,62,3
501,780,5
501,5,3
501,16,3
501,45,3
501,112,3
501,494,3
501,610,4
501,616,3
501,3,5
501,7,4
501,27,3
501,805,4
501,15,1
501,61,3
501,135,2
501,18,5
501,637,3
501,762,4
501,20,1
501,86,3
501,8,3
501,93,3
501,628,3
501,73,2
501,647,4
501,709,3
501,707,4
501,661,1
501,662,3
501,849,3
501,103,3
37,592,3
37,150,5
37,296,5
37,380,2
37,590,4
37,153,3
37,165,5
37,344,5
37,593,5
37,231,5
37,316,5
37,349,4
37,457,4
37,292,4
37,318,4
37,329,3
37,356,4
37,671,5
37,1073,4
314,924,5
314,618,3
314,830,3
314,52,3
81,150,3
81,296,3
81,380,2
81,592,3
81,165,3
81,153,3
81,344,1
81,588,2
81,231,1
81,316,4
81,457,4
81,356,2
81,480,4
81,318,3
81,329,4
81,10,1
81,110,3
81,161,3
81,208,1
81,288,3
81,364,2
81,367,1
81,377,3
81,589,5
81,32,5
81,47,3
181,592,2
181,296,2
181,380,2
181,590,3
181,165,3
181,344,3
181,349,4
181,588,4
181,457,4
181,593,3
181,595,4
181,316,3
181,356,5
181,480,5
181,10,2
181,110,3
181,161,4
181,185,4
181,339,4
181,454,5
181,34,5
181,47,3
181,377,3
181,367,3
181,500,3
181,587,5
181,21,2
181,539,4
181,597,4
181,225,4
181,317,3
181,357,1
181,39,3
181,350,4
181,420,3
181,435,2
181,11,5
181,432,3
181,236,4
181,474,4
181,196,2
181,553,2
181,141,3
181,62,4
181,151,3
181,186,3
181,293,3
181,368,3
181,353,2
181,6,3
181,25,1
181,168,3
181,172,1
181,355,2
181,16,3
181,31,3
181,277,4
181,485,3
181,22,3
181,370,3
181,163,2
181,230,3
181,466,2
181,520,1
181,145,2
181,5,3
181,45,3
181,303,1
181,540,3
181,596,3
181,371,4
181,169,3
181,257,4
181,477,3
181,494,3
181,338,2
181,218,3
181,455,3
181,122,3
181,24,3
181,519,2
181,382,3
181,415,3
181,7,3
181,170,3
181,248,2
181,281,3
181,383,1
181,132,3
181,490,4
181,79,4
181,464,3
181,516,2
181,191,1
181,416,1
181,533,2
181,502,2
181,489,3
181,437,2
181,274,3
181,542,2
181,100,3
181,631,3
181,157,2
181,707,3
181,640,2
181,217,2
181,135,3
181,378,3
181,360,3
181,445,3
181,1082,3
181,981,3
181,61,4
181,1084,3
181,1073,3
181,453,3
181,86,4
559,150,3
559,296,3
559,380,3
559,592,3
559,165,3
559,153,3
559,344,3
559,349,3
559,588,4
559,329,3
559,457,3
559,595,3
559,316,3
559,318,5
559,356,4
559,434,2
559,480,5
559,10,3
559,110,4
559,161,3
559,292,3
559,185,3
559,253,3
559,339,4
559,454,3
559,34,5
559,364,4
559,377,4
559,589,4
559,367,3
559,410,3
559,500,3
559,587,3
559,19,2
559,539,4
559,597,3
559,357,3
559,32,3
559,317,3
559,39,3
559,160,2
559,350,3
559,420,3
559,435,2
559,173,3
559,432,3
559,442,3
559,474,3
559,509,4
559,2,4
559,196,3
559,204,2
559,508,4
559,186,3
559,551,4
559,368,3
559,736,3
559,36,4
559,168,3
559,265,5
559,355,3
559,594,3
559,48,3
559,333,2
559,485,3
559,273,3
559,370,3
559,552,3
559,237,4
559,466,2
559,520,3
559,145,3
559,227,3
559,342,3
559,327,4
559,543,2
559,475,5
559,491,3
559,596,3
559,234,3
559,494,3
559,338,3
559,532,3
559,112,3
559,362,3
559,610,4
559,218,5
559,413,2
559,529,5
559,207,4
559,455,1
559,616,3
559,104,3
559,708,4
559,519,2
559,415,3
559,374,1
559,314,4
559,405,2
559,516,3
559,255,2
559,661,5
559,533,3
559,15,3
559,174,1
559,489,3
559,524,4
559,667,2
559,107,3
559,275,2
559,544,3
6,590,5
6,592,3
6,150,4
6,296,2
6,380,4
6,153,3
6,165,3
6,344,3
6,349,5
6,588,5
6,231,3
6,316,5
6,457,5
6,593,4
6,595,5
6,318,5
6,329,4
6,356,5
6,434,4
6,480,5
6,10,3
6,161,3
6,208,3
6,292,4
6,339,4
6,110,5
6,185,3
6,253,3
6,288,2
6,454,4
6,47,4
6,364,5
6,367,4
6,377,5
6,589,3
6,34,4
6,410,3
6,500,5
6,597,4
6,50,1
6,225,4
6,587,5
6,19,2
6,21,2
6,32,4
6,527,3
6,539,3
6,160,5
6,266,3
6,317,4
6,357,3
6,440,4
6,11,4
6,350,5
6,432,5
6,435,3
6,2,4
6,282,3
6,315,4
6,474,4
6,509,3
6,17,4
6,95,4
6,236,4
6,553,5
6,141,4
6,151,4
6,196,3
6,337,5
6,508,4
6,186,3
6,204,3
6,252,4
6,736,5
6,62,4
6,158,4
6,293,3
6,25,3
6,168,5
6,261,4
6,36,5
6,256,3
6,265,3
6,353,4
6,368,5
6,6,4
6,105,3
6,333,5
6,224,3
6,370,4
6,485,3
6,515,4
6,16,4
6,31,3
6,355,4
6,497,3
6,594,4
6,277,5
6,466,2
6,520,3
6,608,3
6,22,5
6,237,4
6,273,3
6,552,3
6,45,3
6,163,3
6,276,4
6,468,4
6,5,5
6,181,3
6,342,3
6,348,3
6,145,4
6,230,5
6,112,4
6,218,2
6,362,3
6,381,3
6,207,4
6,222,4
6,327,1
6,455,3
6,616,5
6,216,4
6,303,3
6,475,4
6,540,3
6,543,3
6,371,3
6,477,4
6,491,4
6,596,3
6,234,2
6,257,5
6,494,3
6,419,3
6,532,3
6,60,4
6,170,3
6,248,5
6,7,4
6,3,5
6,374,3
6,531,3
6,281,4
6,383,3
6,4,3
6,104,4
6,546,2
6,267,3
6,361,4
6,708,4
6,24,4
6,382,3
6,415,4
6,195,4
6,289,3
6,351,4
6,502,3
6,174,3
6,524,3
6,15,4
6,412,3
6,437,3
6,489,3
6,542,4
6,46,4
6,262,5
6,426,3
6,537,3
6,93,4
6,490,3
6,783,5
6,802,4
6,314,5
6,405,3
6,79,3
6,516,4
6,548,3
6,177,3
6,191,2
6,41,4
6,366,3
6,416,3
6,135,3
6,239,3
6,378,3
6,159,3
6,180,2
6,762,1
6,140,3
6,450,4
6,606,3
6,332,3
6,637,4
6,747,3
6,65,3
6,575,3
6,330,3
6,360,3
6,89,4
6,445,3
6,66,3
6,100,3
6,274,4
6,312,1
6,647,4
6,258,3
6,270,3
6,343,3
6,493,3
6,271,4
6,709,5
6,340,4
6,358,3
6,631,4
6,8,3
6,460,3
6,87,3
6,347,3
6,628,3
6,76,4
6,505,3
6,711,4
6,126,3
6,569,4
6,609,4
6,667,3
6,26,4
6,179,1
6,640,1
6,217,3
6,352,3
6,27,3
6,54,4
6,171,3
6,354,4
6,102,1
6,279,3
6,302,3
6,61,4
6,92,4
6,1084,3
6,205,3
6,469,4
6,818,3
6,838,4
6,304,4
6,313,3
6,458,3
6,510,3
6,240,3
6,291,3
6,704,3
6,1073,3
6,13,3
6,243,3
6,250,4
6,43,4
6,146,4
6,472,3
6,765,3
6,254,3
6,799,3
6,842,3
6,88,2
6,694,3
6,719,2
6,852,4
6,209,3
6,310,3
6,839,3
6,86,5
6,219,3
6,662,3
6,700,4
6,212,4
6,536,3
6,880,3
6,801,3
6,835,4
6,830,5
6,336,3
6,710,3
6,189,3
6,837,3
6,891,3
6,113,3
6,251,3
6,1082,4
6,201,3
6,210,4
6,996,4
6,848,4
6,881,3
6,697,3
6,359,3
6,867,3
6,999,2
6,888,3
6,775,3
6,1042,3
6,986,4
6,795,3
6,1004,4
6,981,3
6,1064,4
6,1006,4
6,1049,5
6,979,3
6,991,4
6,1061,4
6,780,5
458,150,5
458,590,2
458,592,3
458,296,4
458,380,3
458,153,5
458,165,4
458,344,3
458,349,5
458,588,4
458,316,4
458,457,5
458,595,5
458,329,4
458,356,5
458,480,5
458,10,4
458,161,5
458,208,3
458,292,5
458,339,5
458,110,5
458,185,5
458,454,5
458,364,5
458,367,3
458,377,5
458,589,3
458,300,3
458,500,3
458,597,4
458,1073,2
458,1006,4
458,95,5
458,266,4
458,736,4
458,48,3
458,62,5
458,261,3
458,539,5
458,225,5
458,350,4
458,236,4
458,280,5
458,474,5
458,195,4
458,207,5
458,222,5
458,361,3
458,27,5
458,5,3
458,552,4
458,21,5
458,587,5
458,289,3
458,39,4
458,440,4
458,252,4
458,2,4
126,150,4
126,296,1
126,380,5
126,590,4
126,592,3
126,153,4
126,165,4
126,344,1
126,588,3
126,593,3
126,231,1
126,316,1
126,349,4
126,457,5
126,595,4
126,318,5
126,329,4
126,356,4
126,434,3
126,480,3
126,161,3
126,185,3
126,208,2
126,292,3
126,110,4
126,253,1
126,339,3
126,454,5
126,47,5
126,288,1
126,364,5
126,377,5
126,589,3
126,34,3
126,300,2
126,367,5
126,410,2
126,500,4
37,661,3
37,1061,5
565,150,3
565,296,5
565,380,4
565,590,5
565,592,2
565,153,2
565,165,3
565,344,3
565,588,3
565,231,3
565,457,4
565,318,4
565,356,4
565,47,4
565,367,3
565,377,4
565,34,4
565,300,4
565,597,3
565,19,3
565,21,3
565,50,5
565,539,3
565,32,5
565,357,4
565,420,3
565,527,5
565,474,4
565,509,4
373,150,2
373,296,5
373,590,4
373,592,3
373,153,3
373,344,3
373,593,5
373,231,1
373,457,3
373,292,3
373,318,5
373,356,4
373,434,3
373,480,4
373,185,3
373,208,2
373,110,4
373,253,5
373,288,3
373,589,3
373,47,5
373,364,5
373,367,1
373,377,2
373,410,3
373,34,4
373,300,3
373,587,3
373,500,2
373,19,1
373,21,1
373,225,2
373,539,3
373,586,3
373,32,4
373,50,5
373,527,5
373,160,1
373,266,4
373,357,3
373,440,3
373,11,2
373,173,1
373,350,3
373,435,1
373,2,3
373,282,4
373,509,4
373,95,2
373,236,3
373,141,4
373,196,2
373,337,5
373,508,5
373,736,3
373,1,3
373,186,1
373,44,1
373,551,5
373,235,4
373,25,5
373,158,3
373,168,2
373,256,2
373,265,5
373,353,3
373,648,4
373,6,5
373,585,1
373,111,5
373,224,3
373,594,5
373,16,4
373,355,1
373,466,1
373,273,5
373,520,1
373,22,3
373,163,1
373,181,1
373,230,4
373,733,3
373,471,5
373,362,1
373,280,4
373,455,2
373,207,3
373,616,4
373,216,3
373,431,5
373,475,5
373,596,5
373,540,3
373,371,3
373,169,2
373,198,4
373,338,3
373,60,3
373,305,5
373,249,5
385,608,5
385,314,3
385,94,4
314,708,4
314,1042,3
314,1265,4
314,50,4
314,100,3
609,150,3
609,296,4
609,590,4
609,592,3
609,457,4
609,231,3
609,356,4
609,292,3
609,318,4
609,329,3
609,434,3
609,480,3
609,10,4
609,161,3
609,185,3
609,208,3
609,339,3
609,110,3
609,253,4
609,288,3
609,454,3
609,589,3
609,1,3
609,116,3
609,613,3
609,731,4
609,786,3
609,137,3
609,742,3
609,828,3
609,1059,3
609,1150,4
609,650,3
609,833,3
609,892,3
609,1056,3
609,1161,4
379,150,5
379,590,5
379,592,3
379,296,2
379,380,4
379,153,3
379,165,2
379,344,2
379,457,5
379,316,3
379,349,4
379,356,5
379,292,4
379,318,3
379,434,3
379,480,4
379,110,5
379,161,4
379,185,4
379,208,3
379,253,3
379,339,3
379,454,4
379,589,4
379,47,3
379,364,3
379,367,2
379,377,2
379,500,3
379,34,5
379,587,3
379,597,3
379,19,2
379,21,2
379,527,3
379,539,4
5,590,5
5,592,3
5,150,3
5,296,5
5,380,2
5,457,4
5,588,4
5,153,3
5,344,3
5,316,2
5,349,3
5,595,5
5,110,4
5,318,3
5,34,4
5,50,4
5,364,3
5,527,5
5,39,3
5,1,4
5,597,3
5,265,3
5,367,4
5,515,3
5,21,4
5,58,5
5,261,4
5,357,2
5,594,5
5,531,4
5,589,3
5,608,3
5,36,4
5,232,4
5,253,3
5,410,3
5,596,5
5,266,1
5,290,5
5,475,5
5,534,3
5,247,5
5,300,3
5,474,4
347,150,4
347,380,3
347,590,3
347,592,3
347,153,3
347,165,3
347,344,3
347,457,4
347,588,4
347,231,4
347,316,3
347,356,4
347,595,4
347,292,3
347,434,3
347,480,4
347,10,4
347,110,3
347,185,3
347,208,3
347,253,4
347,339,4
347,454,3
347,589,3
347,47,3
347,364,4
347,377,4
347,500,3
347,34,4
347,587,4
347,597,4
347,19,4
347,539,4
347,32,3
347,39,4
347,357,3
347,160,3
347,266,3
347,317,4
347,2,3
347,11,4
347,435,3
347,1,5
347,648,4
347,780,5
121,150,3
121,296,4
121,380,3
121,590,4
121,592,3
121,344,3
121,457,3
121,316,3
121,349,3
121,356,4
121,595,3
121,292,3
121,318,5
121,434,3
121,110,4
121,161,3
121,253,3
121,288,4
121,454,3
121,47,3
121,377,3
121,300,3
121,597,3
121,19,2
121,527,3
121,539,4
121,39,4
121,225,3
121,266,3
121,440,4
121,11,4
121,432,2
121,435,2
121,282,3
121,474,3
121,95,3
121,508,3
121,1,4
121,141,4
121,337,4
121,62,5
121,186,3
121,252,3
121,780,4
121,25,4
121,44,1
121,265,2
121,353,3
121,6,5
121,555,4
121,497,3
121,16,5
121,22,3
121,237,4
121,163,4
121,246,3
121,272,1
121,5,3
58,150,4
58,296,5
58,380,3
58,590,3
58,592,3
58,165,4
58,457,5
58,588,5
58,153,3
58,344,1
58,349,3
58,356,4
58,595,5
58,231,5
58,292,4
58,318,5
58,480,4
58,185,3
58,110,5
58,161,4
58,208,4
58,253,2
58,288,3
58,339,5
58,454,3
58,589,4
58,47,5
58,364,4
58,367,4
58,377,5
58,500,3
58,300,5
58,587,4
58,597,5
58,19,1
58,21,4
58,50,5
58,527,5
58,539,5
58,32,5
58,39,5
58,225,3
58,357,3
58,266,3
58,317,3
58,350,4
58,440,4
58,173,2
58,435,3
58,509,2
58,282,4
58,315,5
58,474,5
58,508,5
58,141,3
58,196,2
58,337,5
58,736,3
58,62,3
58,186,3
58,780,5
58,293,5
58,368,4
58,551,5
58,44,2
58,261,4
58,36,4
58,265,4
58,353,3
58,168,5
58,333,5
58,48,3
58,555,3
58,594,5
58,648,5
58,224,3
58,277,5
58,497,5
58,31,4
58,223,3
58,520,3
58,22,3
58,552,3
58,276,2
58,5,4
58,342,5
58,203,3
58,362,5
58,529,5
58,218,5
58,280,5
58,455,2
58,543,5
58,222,5
58,540,3
58,596,4
58,616,4
58,327,4
58,475,5
58,216,3
58,345,4
58,419,3
58,234,4
58,371,4
58,477,4
58,3,3
58,7,5
58,248,3
58,372,3
58,249,5
58,708,5
58,1073,5
174,150,5
174,296,3
174,380,3
174,590,4
174,592,5
174,165,3
174,588,4
174,153,3
174,344,5
174,457,5
174,231,3
174,316,5
174,349,4
174,356,3
174,595,3
174,292,4
174,329,3
174,480,5
174,161,3
174,185,5
174,10,3
174,253,5
174,288,3
174,339,3
174,454,5
174,589,4
174,34,4
174,300,2
174,410,3
174,587,5
174,597,4
174,50,3
174,527,3
174,539,5
174,32,3
174,39,4
174,225,3
174,420,2
174,160,3
174,317,3
174,350,4
174,440,4
174,11,5
174,432,3
174,435,3
174,282,5
174,315,2
174,442,3
174,474,4
174,236,5
174,508,3
174,553,5
174,141,3
174,196,2
174,337,4
174,736,5
174,62,1
174,186,3
174,780,3
174,368,4
174,158,3
174,333,4
174,370,3
174,485,3
174,648,5
174,224,3
174,520,5
340,648,4
340,780,5
340,1356,5
340,592,5
340,150,5
340,296,4
340,590,5
340,153,4
340,165,4
340,344,4
340,457,5
340,316,4
340,349,4
340,356,3
340,595,4
340,292,4
340,318,5
340,329,5
340,480,5
340,10,4
340,110,5
340,161,4
340,185,3
340,208,3
340,253,4
340,288,4
340,454,3
340,589,4
314,673,3
314,293,3
385,1356,4
43,150,5
43,296,3
43,590,4
43,592,5
43,380,3
43,165,5
43,588,5
43,153,5
43,344,4
43,457,5
43,316,4
43,356,5
43,595,5
43,231,3
43,349,3
43,292,5
43,318,4
43,329,5
43,434,5
43,480,4
43,10,4
43,110,3
43,161,4
43,185,4
43,208,4
43,253,4
43,339,4
43,377,3
43,454,4
43,589,5
43,47,4
43,288,3
43,364,5
43,367,5
43,500,5
43,34,5
43,300,3
43,410,4
43,587,5
43,597,5
43,539,3
43,225,4
43,420,5
43,317,4
43,350,4
43,11,4
43,173,3
43,432,4
43,435,5
43,442,5
43,1,5
43,95,4
43,236,3
43,553,4
43,158,5
43,261,5
43,168,5
43,256,5
43,648,5
43,48,5
43,594,5
43,193,4
43,355,5
43,520,5
43,277,5
43,552,5
43,276,5
43,5,5
43,362,5
43,596,5
43,610,5
43,413,3
43,616,5
43,419,5
43,7,5
43,532,4
43,3,5
43,60,5
43,374,5
43,23,5
43,382,5
43,519,5
43,502,5
43,174,5
43,351,4
43,542,4
43,783,5
43,262,5
43,79,5
43,661,5
43,1073,5
43,788,5
43,57,5
43,259,4
43,575,5
43,107,5
43,325,5
43,343,4
43,271,5
43,1084,5
43,8,5
43,631,5
43,711,5
43,609,5
43,238,5
43,217,5
43,102,5
43,29,5
43,810,5
43,484,5
43,828,5
43,1105,5
43,1064,5
43,1356,5
566,592,3
566,590,4
566,150,3
566,296,4
566,380,3
566,165,3
566,457,4
566,588,3
566,356,5
566,231,2
566,316,4
566,349,3
566,292,3
566,318,5
566,329,3
566,434,2
566,480,4
566,10,3
566,110,5
566,161,4
566,208,1
566,454,5
566,253,5
566,377,4
566,364,2
566,367,4
566,500,4
566,300,3
566,587,3
566,597,3
566,50,5
566,527,5
566,539,4
566,21,4
566,32,4
566,39,4
566,357,3
566,266,4
566,11,5
566,432,2
566,2,4
566,442,4
566,509,4
566,236,4
566,553,1
566,17,5
566,141,5
566,337,3
566,736,4
566,151,4
566,252,4
566,780,3
566,235,2
566,368,4
566,551,1
566,261,5
566,353,2
566,25,2
566,256,3
566,265,5
566,648,4
566,203,4
566,708,3
566,345,4
566,468,3
566,497,4
566,57,3
566,144,3
566,342,3
566,7,4
566,552,4
566,224,4
566,541,4
566,1027,2
470,150,3
470,590,4
470,592,3
470,296,3
470,380,5
470,153,4
470,165,3
470,344,3
470,457,4
470,588,3
470,231,3
470,316,3
470,349,4
470,356,5
470,595,3
470,292,5
470,318,4
470,329,4
470,434,3
470,480,5
470,110,5
470,161,3
470,185,3
470,208,3
470,10,3
470,253,3
470,454,3
470,339,4
470,377,4
470,589,5
470,47,3
470,288,3
470,364,4
470,367,4
470,500,4
470,34,4
470,300,4
470,410,4
470,587,5
470,597,4
470,19,3
470,21,3
470,50,3
470,527,5
470,539,4
470,32,3
470,39,3
470,225,3
470,357,4
470,420,3
374,150,3
374,296,5
374,380,5
374,590,3
374,592,3
374,153,4
374,165,3
374,344,4
374,457,3
374,588,3
374,316,3
374,349,3
374,356,4
374,595,3
374,231,4
374,318,4
374,329,3
374,434,3
374,480,4
374,110,5
374,161,4
374,185,3
374,208,3
374,780,4
374,1356,5
374,761,1
374,1219,3
374,1258,4
374,1215,5
374,1333,4
374,1339,3
374,1345,4
374,1350,5
240,150,4
240,296,2
240,380,3
240,590,4
240,592,3
240,153,3
240,165,5
240,344,5
240,457,3
240,588,4
240,231,4
240,349,3
240,595,3
240,316,4
240,356,5
240,480,4
240,292,5
240,318,3
240,329,3
240,434,3
240,10,3
240,161,4
240,185,4
240,110,5
240,208,4
240,253,5
240,339,3
240,377,5
240,454,3
240,589,4
240,364,4
240,367,4
240,500,5
240,34,5
240,410,3
240,19,5
240,539,3
240,39,5
240,225,4
240,420,4
240,160,4
240,317,5
240,432,5
240,435,3
240,173,3
240,2,5
240,282,1
240,315,3
240,442,3
240,1,5
240,95,5
240,553,5
240,736,5
240,780,5
240,186,3
240,196,4
240,204,4
240,252,3
240,368,5
240,551,4
240,44,4
240,158,4
240,168,5
240,172,5
240,256,4
240,333,5
240,370,5
240,485,4
240,48,3
240,594,3
240,355,3
240,466,4
240,520,3
240,16,3
240,31,4
240,277,3
240,273,4
240,552,3
240,276,5
240,181,3
240,227,4
240,362,3
240,455,3
240,529,4
240,543,3
240,596,3
240,413,4
240,216,5
240,419,3
240,491,3
240,3,4
240,169,3
240,338,5
240,60,4
240,374,3
240,427,2
240,531,4
240,248,5
240,383,5
240,546,3
240,104,5
240,382,3
240,519,3
240,267,5
240,328,5
240,533,3
240,524,5
240,502,3
240,688,3
240,174,5
240,542,5
240,46,3
240,262,3
240,516,5
240,1073,5
240,135,4
240,255,5
240,366,4
240,239,3
240,637,4
240,788,5
240,653,5
240,673,5
240,761,3
240,1356,5
240,810,4
240,1359,5
240,1367,3
569,296,5
569,380,3
569,590,4
569,592,3
569,153,5
569,344,4
569,165,5
569,588,4
569,231,3
569,349,4
569,595,4
569,316,4
569,356,3
569,329,5
569,480,4
569,434,4
569,10,4
569,50,3
569,377,5
569,185,4
470,761,3
470,762,3
470,282,3
470,2,3
470,62,3
470,736,4
470,1,4
470,261,3
470,266,4
470,515,4
470,653,3
470,43,3
470,786,3
470,36,4
470,494,4
470,1073,4
470,3,3
470,5,3
470,7,3
470,648,3
470,788,3
385,673,3
385,924,4
402,95,4
402,736,3
402,25,3
402,5,3
402,36,3
402,112,4
402,52,3
402,786,5
402,9,3
402,762,3
402,788,3
402,743,3
402,1084,5
402,667,3
402,640,3
402,61,5
402,165,5
402,296,5
402,380,5
402,593,5
402,434,5
402,586,4
402,587,5
402,589,5
402,597,4
402,377,5
402,457,4
402,1036,5
402,204,4
402,293,3
402,349,3
402,500,5
402,145,3
402,364,4
402,480,4
402,527,4
402,474,3
402,234,3
402,329,3
402,315,4
402,442,4
402,477,3
402,588,4
402,47,3
470,608,3
470,26,3
470,41,3
470,95,3
470,628,3
470,6,3
470,14,4
470,613,3
470,719,3
31,1,5
31,17,3
31,25,2
31,62,4
31,141,4
31,648,5
31,736,4
31,780,4
31,5,3
31,7,4
31,733,5
31,783,4
31,788,2
31,1356,4
31,784,5
31,1057,5
31,1361,5
31,1363,5
31,1391,5
31,1073,4
31,1353,4
31,852,4
31,344,3
31,588,5
31,10,4
31,165,4
31,339,4
31,377,5
31,1136,3
31,1196,4
31,1197,5
31,1198,4
31,1200,3
31,1240,4
31,912,5
31,1214,4
31,1278,5
31,1099,2
31,1265,2
31,1036,5
31,1231,3
31,1246,3
31,1270,4
31,5060,5
31,1282,5
31,1302,4
544,1,3
544,32,3
544,62,5
544,95,4
544,648,4
544,736,5
544,780,5
544,3,3
544,14,3
544,1356,5
544,694,4
544,839,2
544,40,5
544,68,5
544,116,5
544,619,5
544,626,5
544,650,5
544,1042,5
544,1047,5
544,1059,5
544,1105,5
206,1,5
206,17,5
206,25,5
206,32,3
206,62,4
206,95,3
206,141,4
206,648,3
206,736,3
206,780,3
206,7,4
206,36,5
206,608,5
206,733,3
206,14,4
206,58,5
206,783,4
206,786,4
206,1073,3
206,140,4
206,661,5
206,719,3
206,1356,4
206,800,5
206,838,5
385,471,4
385,728,5
269,1,5
269,25,5
269,32,4
269,95,3
269,648,3
269,780,4
269,3,4
269,5,3
269,6,5
269,494,3
269,733,4
269,783,4
269,784,3
269,786,3
269,1073,4
269,9,2
269,79,4
269,737,3
269,778,4
269,743,3
269,74,5
269,724,5
269,76,2
269,832,4
269,63,3
269,81,3
269,828,3
269,1047,3
269,1367,4
314,1391,4
314,813,3
314,703,2
314,1356,3
524,1,4
524,25,3
524,32,3
524,95,4
524,648,3
524,736,3
524,780,3
524,1390,3
524,110,3
524,150,5
524,318,1
524,377,5
524,588,4
524,593,4
524,50,2
524,161,5
524,457,5
524,474,4
524,10,4
524,165,3
524,185,3
524,367,5
524,480,4
524,508,3
524,587,4
524,151,5
524,204,3
524,168,2
524,349,5
524,589,5
524,368,3
524,552,4
524,553,4
524,454,3
524,380,4
524,47,5
524,442,3
524,23,2
524,196,3
524,344,3
524,260,5
524,1097,2
524,1101,3
524,586,3
524,1027,2
524,520,3
524,544,1
524,20,2
524,370,3
524,445,3
524,464,2
524,466,3
524,338,2
524,1020,3
524,173,1
524,912,3
524,172,3
524,1197,5
524,485,4
524,19,3
524,329,3
524,1198,5
524,592,3
524,153,3
524,208,1
524,541,5
524,1196,5
524,1210,3
524,1270,5
524,405,2
524,1240,4
524,1291,5
524,372,2
524,1136,5
524,969,3
524,316,3
524,235,4
524,1234,4
524,924,4
524,1246,3
524,2019,4
524,1370,3
524,1242,5
524,1376,4
524,1231,4
524,1250,4
524,119,3
524,913,3
524,1200,5
524,1225,5
524,1302,3
524,1193,1
524,1201,4
524,1374,5
524,193,2
524,1266,5
524,1272,4
524,1385,4
524,1275,5
524,1303,5
524,1220,3
524,1214,3
524,1254,3
524,1278,5
524,923,3
524,1208,4
524,1233,5
524,253,3
524,832,4
524,1356,4
524,1047,4
524,880,2
314,748,3
524,805,4
314,1266,3
314,1374,3
314,1376,3
314,1371,2
314,1372,3
314,1373,2
314,1375,3
314,260,5
314,1367,3
179,1,4
179,95,3
179,494,4
179,736,5
179,780,5
179,32,4
179,376,3
179,608,4
179,648,3
179,762,3
179,9,3
179,104,4
179,708,4
179,3,4
179,112,4
179,141,4
179,1061,4
179,786,4
179,637,3
179,7,3
179,18,4
179,671,4
179,65,3
179,113,3
179,743,3
179,784,3
179,725,3
179,52,4
179,735,3
31,1405,1
31,1393,3
31,605,4
31,612,3
524,6,4
524,494,5
524,786,3
524,788,3
524,1183,3
524,748,4
524,733,4
524,1049,4
524,86,3
524,707,3
524,653,3
524,112,3
524,12,1
524,76,2
524,737,3
524,839,3
524,762,2
524,21,3
402,376,4
402,852,3
402,719,3
402,780,5
385,1183,4
521,32,3
521,95,3
521,736,4
521,780,4
521,25,5
521,648,4
521,5,3
521,6,4
521,7,3
521,36,4
521,112,3
521,608,5
521,733,4
521,14,4
521,52,4
521,58,4
521,104,3
521,708,4
521,786,3
521,1073,4
521,79,4
521,140,3
521,628,4
521,637,3
521,661,4
521,762,3
521,802,4
521,805,4
521,640,3
521,707,3
521,18,4
521,852,3
521,86,4
521,29,3
521,81,3
521,694,3
521,43,4
521,880,3
521,103,3
521,837,4
270,32,4
270,780,4
270,1,5
270,17,4
270,25,4
270,62,5
270,95,2
270,141,3
270,648,3
270,736,4
270,3,3
270,5,3
270,6,3
270,7,3
270,36,5
270,112,3
270,376,4
270,494,2
270,608,4
270,733,3
270,58,4
270,708,3
270,786,3
270,1073,5
270,14,5
270,52,4
270,104,1
270,653,2
270,784,1
270,788,2
270,79,2
270,135,1
270,140,3
270,637,2
270,661,5
270,737,1
270,762,3
270,1356,4
270,9,3
270,628,3
214,780,3
214,1,3
214,17,3
214,25,2
214,62,3
214,141,2
214,648,3
214,736,2
214,104,3
214,788,2
214,1073,3
214,628,3
214,661,3
214,1356,3
214,719,3
214,743,3
214,802,3
214,66,3
214,1059,4
214,83,3
214,1409,3
214,1363,3
451,32,5
451,780,3
451,1,5
451,736,3
451,141,4
451,95,4
451,648,4
451,17,5
451,25,5
451,6,4
451,5,3
451,7,3
451,112,5
451,376,3
451,494,3
451,608,5
451,733,3
451,708,5
451,786,3
451,788,1
451,1073,4
451,661,4
451,762,3
451,1356,3
451,802,3
451,805,5
451,852,4
451,94,4
451,671,4
451,1059,4
150,32,5
150,780,4
150,25,4
150,62,3
150,95,3
150,141,5
150,648,4
150,6,4
150,36,4
150,608,4
150,733,4
150,3,3
150,5,3
150,7,3
150,376,3
150,494,3
150,52,4
150,58,3
150,653,3
150,784,3
150,786,3
150,1073,3
150,79,3
150,628,3
150,1356,5
150,805,4
451,457,4
451,474,3
451,481,3
451,593,5
302,32,3
302,95,3
302,141,5
302,736,3
302,780,4
302,17,5
302,25,5
302,648,3
302,3,3
302,36,4
302,608,5
302,14,4
302,58,5
302,786,4
302,762,2
302,628,3
302,707,4
302,296,5
302,21,4
302,457,4
302,110,4
302,293,3
302,377,3
302,480,5
302,589,4
302,47,5
302,260,5
302,383,3
302,458,3
302,858,5
302,1198,5
302,1221,5
529,32,5
529,780,4
529,1,3
529,62,3
529,95,4
529,141,3
529,648,3
529,736,4
529,7,2
529,733,5
529,1073,3
529,104,3
529,653,4
529,784,1
529,786,5
529,788,3
529,135,4
529,260,5
529,637,3
529,661,3
529,65,1
529,719,2
529,743,3
529,711,3
529,761,1
151,1,5
151,141,3
151,736,4
151,780,3
151,62,4
151,95,4
151,648,3
151,3,3
151,786,4
151,1073,4
151,104,5
151,784,3
151,788,5
151,135,3
151,661,3
151,9,4
151,107,3
151,719,4
151,743,4
151,802,5
151,12,3
151,609,4
151,724,3
151,761,1
151,852,4
151,1393,2
151,765,4
151,1047,4
151,1359,4
151,631,4
151,656,3
151,673,4
151,1367,3
151,710,3
151,785,4
151,102,4
151,742,3
151,837,4
151,1390,3
151,1409,4
151,1405,5
151,810,3
151,799,4
151,879,4
151,1429,4
151,1432,4
151,880,3
151,75,3
151,747,4
151,828,2
151,840,4
151,562,3
151,842,3
151,634,2
151,885,3
151,92,1
151,813,4
151,1265,5
151,216,4
589,736,5
589,780,5
589,25,5
589,36,5
589,733,2
589,376,5
589,788,4
589,342,4
589,357,4
589,509,4
589,531,3
589,111,5
589,246,5
589,508,4
589,527,5
589,587,5
589,590,5
589,235,4
589,193,3
589,300,3
589,318,5
589,337,5
589,356,5
589,150,4
589,282,4
589,454,4
589,529,3
589,1097,4
589,1173,1
589,593,5
589,296,5
589,350,3
589,1084,4
589,161,3
589,185,3
589,373,4
589,481,4
589,1092,3
589,231,4
589,586,3
90,1,3
90,17,5
90,25,5
90,32,4
90,141,3
90,780,3
90,7,4
90,36,4
90,608,5
90,1073,4
90,58,5
90,708,3
90,52,5
90,260,5
90,14,5
90,805,3
90,1356,4
90,743,3
90,81,3
90,85,5
90,728,3
90,82,5
90,613,5
90,1183,4
90,766,4
90,562,4
90,818,5
90,68,3
90,116,5
90,1041,5
90,1353,3
90,581,4
90,1416,4
90,1357,5
90,735,4
90,1411,5
90,617,4
90,685,3
90,1060,4
90,1366,4
90,892,4
90,1046,4
90,1057,5
90,1414,4
90,791,4
90,1034,5
90,896,3
90,1417,3
90,1144,4
90,1358,5
90,1116,4
90,1137,4
90,984,5
90,1442,2
32,1,3
32,25,4
32,32,4
32,62,3
32,95,3
32,141,4
32,648,3
32,736,3
32,780,3
32,3,3
32,6,3
32,36,4
32,608,5
32,733,4
32,7,4
32,786,3
32,1073,5
32,52,3
32,58,5
32,260,5
32,376,3
32,653,3
32,708,4
32,784,3
32,788,1
32,140,3
32,628,3
32,661,3
32,1356,4
32,100,4
32,719,3
32,802,4
32,74,4
32,761,4
32,852,4
32,26,4
32,694,3
32,1367,3
32,1393,4
32,799,3
32,849,2
32,880,3
32,1061,4
32,1183,3
32,1391,5
32,78,4
32,1409,4
32,627,4
32,1407,2
32,996,3
32,1429,4
32,1438,3
32,1425,3
32,1459,4
32,1458,4
32,296,5
32,21,4
32,50,5
32,314,4
32,318,5
32,345,5
32,529,4
32,592,5
32,1079,4
32,265,5
32,497,5
32,236,3
32,593,5
32,252,3
32,410,3
32,1104,5
32,153,3
32,272,5
32,339,4
32,538,5
32,539,4
32,1103,4
32,1197,5
32,327,3
32,357,3
32,471,3
32,912,5
32,1080,3
32,1196,4
32,203,4
32,24,3
32,39,3
32,337,3
32,527,4
32,194,5
32,353,3
32,361,4
32,440,4
32,1086,4
32,1198,5
32,246,4
32,282,4
32,553,3
32,1036,5
32,1084,4
32,1224,3
32,224,4
456,1,5
456,32,3
456,141,4
456,648,4
456,736,3
456,780,5
456,3,3
456,5,3
456,733,5
456,786,4
456,1073,3
456,104,3
456,260,5
456,653,4
456,708,3
456,788,4
456,79,2
456,135,3
456,140,4
456,628,4
456,9,4
456,65,2
456,719,3
456,737,3
456,783,4
456,802,4
456,832,5
456,74,4
456,724,4
456,609,4
456,640,5
456,64,3
456,694,4
456,810,3
456,1367,5
456,1393,5
456,662,5
456,1405,4
456,634,3
456,1407,5
456,1060,4
456,1167,4
456,706,3
84,17,5
84,62,4
84,95,2
84,141,3
84,736,3
84,5,3
84,6,4
84,7,3
84,36,5
84,608,5
84,733,4
84,1073,4
84,52,5
84,708,3
84,788,3
84,14,4
84,628,4
84,637,1
84,762,1
84,802,4
84,805,4
84,140,4
84,719,3
84,852,3
84,94,4
84,671,4
84,102,1
84,1367,3
84,1393,4
84,296,4
84,356,5
84,457,4
84,593,5
84,50,4
84,265,5
84,318,5
84,509,5
84,527,5
84,246,4
84,306,4
84,800,5
84,150,5
84,223,5
84,232,5
84,260,4
84,508,4
84,515,4
84,534,4
84,349,4
84,446,5
84,194,4
84,474,4
84,477,4
84,230,3
84,319,4
84,326,3
84,838,5
84,261,4
84,272,5
84,1036,3
389,1,5
389,17,4
389,32,4
389,62,5
389,95,4
389,141,5
389,648,3
389,736,5
389,780,5
389,25,4
389,5,4
389,6,5
389,494,4
389,733,5
389,786,3
389,104,4
389,112,3
389,260,5
389,376,4
389,653,4
389,784,3
389,788,4
389,628,5
389,637,3
389,762,3
389,802,4
389,805,5
389,1356,5
389,9,3
389,140,5
389,719,4
389,743,2
389,832,5
389,65,4
276,1,4
276,648,5
276,736,4
276,780,5
276,62,5
276,5,3
276,7,4
276,104,5
276,260,5
276,653,3
276,784,5
276,135,4
276,637,4
276,783,5
276,12,4
276,609,3
276,631,3
276,673,4
276,88,5
276,1210,5
276,1367,4
276,745,4
276,765,4
276,810,3
276,1391,5
276,728,4
276,837,4
276,1196,5
276,1270,5
276,1042,5
276,344,5
276,356,5
276,231,4
276,19,4
276,480,5
276,2,4
276,150,5
276,333,5
276,364,5
276,370,5
276,466,5
84,1210,4
84,647,4
84,1042,3
84,475,4
84,161,3
84,300,5
84,412,5
84,538,3
84,247,4
84,524,4
84,1079,5
84,214,4
84,299,5
84,302,3
84,342,4
84,147,4
84,154,3
84,348,5
84,357,4
84,11,4
84,321,4
84,381,4
84,539,4
84,46,3
84,266,4
84,452,3
84,164,4
84,440,4
84,105,3
84,1103,4
84,57,3
84,491,3
84,468,3
84,480,3
84,377,4
84,1082,3
84,224,4
84,235,3
84,369,4
84,1136,4
84,334,4
84,21,4
84,354,4
84,371,3
84,1198,4
84,361,3
84,350,4
84,454,4
84,1028,4
84,1246,4
84,34,4
84,1196,4
84,1225,4
84,587,3
84,180,2
84,331,3
84,858,4
84,45,4
84,287,3
84,537,3
84,1090,4
84,270,3
84,1193,4
84,113,4
84,1023,3
84,1101,4
84,590,4
84,339,3
84,380,3
84,585,3
84,923,4
84,225,3
84,597,3
84,195,4
84,1077,3
84,1172,4
84,4,3
84,1213,3
84,237,4
84,1096,5
84,1271,4
84,236,3
84,920,4
84,500,4
84,586,3
84,1094,4
84,55,4
84,276,3
84,904,4
84,1266,4
84,1197,4
84,1207,4
84,1259,4
84,919,5
84,1228,4
84,1293,4
84,1208,5
84,1234,4
84,1263,4
84,908,4
84,1185,4
84,1203,4
84,378,3
84,1299,5
84,1307,5
84,122,3
84,1124,5
84,1200,4
84,1280,5
84,914,4
84,1258,4
84,1291,3
84,1300,4
84,722,4
84,953,3
84,1081,4
84,1292,5
84,902,4
84,1247,5
84,1408,4
84,551,3
84,726,3
84,1131,5
84,1219,4
84,1343,4
84,1276,5
84,165,3
84,1394,4
84,1132,4
84,1374,3
84,1177,4
84,1304,4
84,926,5
84,1217,4
84,1230,4
84,1295,5
84,899,4
84,910,3
84,1296,4
84,1057,4
84,1414,4
437,32,4
437,95,1
437,141,3
437,648,3
437,736,5
437,780,3
437,17,4
437,25,4
437,62,3
437,5,2
437,6,5
437,36,4
437,608,5
437,733,2
437,786,3
437,112,3
437,260,5
437,376,4
437,52,4
437,708,3
437,14,3
437,79,2
437,802,3
437,805,4
437,628,4
437,637,2
437,9,3
437,852,5
437,1210,5
437,640,2
437,748,2
437,1393,3
437,86,3
437,647,5
437,1183,5
437,1488,3
437,329,3
437,590,5
437,47,4
437,318,5
437,527,5
437,800,5
437,50,4
437,110,4
437,150,4
437,357,3
437,194,4
437,225,3
437,246,5
437,300,5
437,454,2
437,529,5
437,592,3
437,151,3
437,292,4
437,509,4
437,1225,5
437,440,3
437,497,3
437,515,4
437,1090,5
437,1097,3
437,1204,5
437,1247,4
437,290,5
437,1246,3
437,1250,4
437,1259,3
437,1293,5
437,144,4
437,198,3
437,348,3
437,1242,5
437,1299,5
437,43,3
437,302,3
437,1208,5
437,1213,5
437,153,1
437,508,5
437,1302,3
437,159,3
437,211,4
437,371,4
437,1095,5
437,247,4
437,155,4
437,175,5
437,1094,3
437,78,3
437,493,4
437,507,3
437,356,3
437,1396,4
437,16,5
437,431,3
437,207,4
437,1171,4
437,81,3
437,31,4
437,222,4
437,587,3
437,168,2
437,272,5
437,1268,4
437,450,4
437,1093,4
437,1206,4
437,125,5
437,1197,4
437,1230,5
437,1234,5
437,1292,3
437,176,5
437,1291,4
437,1307,4
437,223,5
437,296,5
437,1265,5
437,1270,4
437,1120,4
437,1042,3
120,32,3
120,141,3
120,648,3
120,736,3
120,780,2
120,5,4
120,608,5
120,733,4
120,1073,2
120,52,3
120,260,5
120,653,3
120,802,4
120,743,3
120,783,3
120,852,2
120,12,3
120,1210,5
120,631,3
120,1367,4
120,765,3
120,858,5
337,1,4
337,32,4
337,736,5
337,780,5
337,17,4
337,25,4
337,62,3
337,95,5
337,141,3
337,648,5
337,36,4
337,3,4
337,5,4
337,6,5
337,7,3
337,494,5
337,733,5
337,786,5
337,1073,5
337,104,5
337,112,3
337,260,5
337,376,4
337,653,4
337,708,5
337,784,3
337,788,4
337,14,3
337,762,5
337,802,5
337,805,4
337,1356,3
337,79,4
337,135,4
337,628,5
337,637,4
337,9,5
337,65,3
337,719,3
337,737,5
337,743,3
337,778,4
337,832,4
337,852,4
337,12,3
337,41,3
337,66,4
337,74,5
337,100,3
337,107,3
337,707,3
337,711,4
337,724,5
337,1210,5
337,76,5
337,667,5
337,1393,5
337,47,5
337,24,5
337,110,5
337,145,4
337,168,4
337,555,5
337,16,4
337,31,5
337,266,5
337,277,4
337,50,3
337,553,3
337,27,5
337,191,5
337,193,4
337,280,4
337,318,5
337,350,5
337,358,3
337,454,5
84,25,5
84,100,3
84,830,4
84,818,3
84,912,4
84,1035,5
84,1104,4
84,1242,5
84,1267,5
84,898,5
84,5060,4
84,1097,3
84,1269,4
84,1272,5
84,324,4
84,922,4
84,1244,4
84,954,4
84,1387,4
84,1186,4
84,1214,3
84,1231,4
84,909,3
84,1235,3
84,1270,3
84,916,3
84,955,4
84,1302,4
84,915,3
84,951,4
84,1288,4
84,1333,3
84,900,4
84,933,4
84,1179,3
84,1285,3
84,971,3
84,1220,3
84,277,3
84,1227,3
84,1189,4
84,931,3
84,948,4
84,1345,3
84,1265,3
84,1290,3
84,1380,4
84,932,4
84,934,3
84,1190,3
84,1013,3
84,1184,3
84,1009,3
84,1171,3
84,1173,3
84,1305,3
84,1395,3
84,1187,3
84,305,3
84,592,3
84,1010,3
84,368,3
84,1371,3
84,532,3
84,1191,3
84,445,3
84,1388,3
84,435,3
84,10,3
84,234,3
84,1381,3
84,420,3
84,181,3
84,507,3
84,1268,3
84,1286,3
84,289,3
84,1088,3
84,1135,3
84,1092,3
84,691,3
84,31,3
84,1346,3
84,987,3
84,1011,3
84,1194,3
84,580,3
84,1018,3
84,415,3
84,248,2
84,1091,3
84,406,3
277,1,4
277,32,5
277,62,2
277,95,3
277,736,4
277,780,4
277,260,4
277,786,4
277,1073,3
277,104,4
277,112,3
277,653,4
277,788,3
277,637,3
277,1356,5
277,719,4
277,737,3
277,65,3
277,673,3
277,849,4
277,1391,5
277,880,4
277,836,4
277,1359,3
277,656,3
277,1429,3
277,1043,3
277,1167,3
492,780,5
492,32,3
492,736,4
492,1,4
492,648,4
492,141,3
492,62,4
492,95,3
492,5,3
492,6,3
492,36,4
492,260,4
492,733,5
492,1073,3
492,3,4
492,494,4
492,786,5
492,7,3
492,104,4
492,112,5
492,376,3
492,653,4
492,708,3
492,762,5
492,784,3
492,788,5
492,1356,4
492,14,3
492,52,3
492,79,4
492,135,4
492,628,3
492,637,4
492,802,4
492,805,5
492,1210,4
492,9,5
492,140,3
492,661,3
492,719,3
492,737,5
492,743,4
492,778,2
492,783,3
492,832,5
492,852,3
492,65,5
492,12,3
492,66,3
492,74,4
492,100,3
492,724,3
492,858,3
492,1393,4
492,609,3
492,647,5
492,673,5
492,711,3
492,761,4
492,785,5
492,1367,3
492,76,5
492,88,5
492,748,4
492,765,5
492,830,3
492,1405,5
492,839,4
492,61,4
492,667,3
492,849,4
492,880,4
492,1061,4
492,694,3
492,799,4
492,810,3
492,891,5
492,1047,5
492,64,3
492,818,3
492,837,3
492,63,3
492,662,4
492,1042,5
492,467,5
492,704,4
492,836,4
492,842,5
492,1105,4
492,710,3
492,1049,5
492,103,3
492,782,5
492,829,4
492,833,4
492,619,3
492,656,4
492,1006,4
492,1363,4
492,1407,5
492,996,3
492,809,4
492,1004,3
492,1429,4
492,1431,4
492,1438,5
492,1485,5
492,634,3
492,801,3
492,879,5
492,881,3
492,1476,5
492,886,5
492,75,3
492,840,3
492,692,4
492,1043,3
492,1474,4
492,1499,5
492,990,4
492,725,3
71,1,5
71,17,1
71,62,4
71,95,4
71,736,5
71,780,5
71,260,3
71,494,4
71,608,2
71,733,3
71,1073,3
71,7,3
71,788,4
71,1356,5
71,802,5
71,1210,3
71,852,4
71,609,3
71,647,4
71,707,1
71,86,5
71,1544,3
71,837,4
71,1004,3
71,801,4
71,208,2
71,160,3
71,648,4
71,1101,5
71,165,5
71,1036,4
71,1370,4
71,589,3
71,1240,4
71,24,2
350,32,4
350,736,3
350,1,4
350,95,3
350,141,3
350,648,3
350,17,2
350,260,4
350,494,4
350,608,3
350,733,3
350,786,4
350,1073,3
350,7,3
350,376,2
350,708,3
350,788,3
350,112,3
350,653,3
350,1356,5
350,637,3
350,802,3
350,805,3
350,1210,4
350,661,3
350,719,3
350,832,3
350,852,3
350,12,3
350,65,3
350,858,3
350,1393,4
350,673,3
350,785,4
350,663,3
350,671,4
350,748,4
350,799,3
350,836,3
350,849,3
385,1544,3
385,903,4
385,1527,4
385,260,4
385,858,5
385,1233,3
385,999,3
385,1517,3
385,781,3
385,786,3
385,741,4
385,364,3
385,1282,4
385,68,3
385,1132,4
385,1206,5
385,1211,5
385,1295,3
385,1190,2
385,1306,4
385,1200,4
385,1219,4
385,1127,3
385,1387,3
385,1370,3
385,1385,2
385,1092,3
385,1179,4
385,1371,3
385,1197,4
385,1265,5
385,1307,3
385,1380,3
385,1408,4
385,1097,3
385,1196,5
385,1198,5
385,1210,4
385,1258,4
385,541,5
385,1240,4
385,1204,5
385,1213,5
385,1291,5
385,1201,3
385,1221,4
385,1287,4
385,1303,5
385,1304,4
385,1222,4
385,1101,3
385,1377,3
385,1136,4
385,1220,4
385,1234,4
385,1270,4
385,1278,3
385,1394,4
385,1199,5
385,1281,4
385,1285,4
385,1288,5
385,5060,3
385,1297,4
385,1396,3
385,1238,3
385,574,3
385,1225,3
385,1208,4
385,1272,5
385,1246,4
385,1254,4
385,1228,4
385,1283,4
385,1293,4
385,1301,3
385,1298,4
385,1305,3
385,1093,3
385,580,3
559,1356,4
559,1544,3
559,1,5
559,58,4
559,260,5
559,745,5
559,1210,4
559,1183,4
559,95,4
559,608,4
559,653,3
559,733,4
559,783,4
559,1073,3
559,648,3
559,748,3
559,6,5
559,780,5
559,786,4
559,1391,3
559,836,3
559,135,3
559,1429,3
559,1527,5
559,725,3
559,66,3
559,76,3
385,671,3
171,780,4
171,32,5
171,1,5
171,25,5
171,141,5
171,648,3
171,36,4
171,260,4
171,608,5
171,1073,5
171,784,4
171,802,4
171,1210,5
171,661,5
171,858,5
171,707,5
171,761,5
171,1367,5
171,1391,5
171,81,5
171,800,5
171,29,5
171,828,4
171,766,3
171,742,4
171,801,5
171,714,5
171,1051,5
171,869,4
171,1151,5
171,1454,5
171,592,5
171,296,5
171,593,5
171,47,5
171,367,3
171,500,4
171,551,4
171,111,5
171,163,5
171,555,5
171,318,5
171,380,5
171,235,4
171,317,4
171,471,3
171,485,5
171,475,4
171,596,5
171,541,5
171,1079,5
171,1196,4
171,1198,5
171,1291,5
171,1136,5
171,1270,5
171,1080,5
171,1197,4
171,428,5
171,720,5
171,1193,5
171,1214,5
171,1225,4
171,1246,5
171,1265,3
171,290,5
171,919,4
171,1089,5
171,1208,5
171,1220,5
171,1259,5
171,1304,4
171,5060,4
171,1025,4
171,1148,5
171,861,5
171,903,5
171,1201,5
171,994,5
171,1104,5
171,1276,5
171,176,5
385,750,5
559,1566,4
559,1580,5
44,1,3
44,736,2
44,780,3
44,95,4
44,141,3
44,648,3
44,3,3
44,6,3
44,36,4
44,260,5
44,494,4
44,733,5
44,786,2
44,104,4
44,112,5
44,135,2
44,805,4
44,661,3
44,737,5
44,852,4
44,12,1
44,673,1
44,1405,4
44,785,3
44,1391,2
44,849,3
44,18,4
44,667,3
44,663,4
44,891,3
44,836,3
44,1120,4
44,833,2
44,94,4
44,1210,5
44,1476,5
44,842,3
44,1429,5
44,1393,4
44,1552,4
44,65,3
44,1517,4
44,798,2
44,66,3
44,889,4
44,1544,1
44,605,1
364,1,5
364,32,3
364,736,4
364,780,5
364,95,5
364,141,4
364,648,3
364,260,4
364,494,5
364,733,4
364,786,4
364,1073,5
364,628,5
364,832,5
364,858,5
364,1356,4
364,805,4
364,1210,3
364,9,3
364,376,5
364,783,3
372,1057,3
372,1183,5
372,1416,2
372,1584,4
372,1601,2
372,1602,2
372,1608,3
372,1407,3
372,1414,3
372,1586,3
372,1438,3
372,1464,2
372,1479,3
372,1483,1
372,1589,4
372,1597,3
372,1603,3
372,1055,2
372,1474,2
372,1515,2
372,1590,2
372,50,5
372,1084,3
372,260,4
372,904,4
372,1131,4
372,1203,4
372,1357,5
372,838,4
372,1089,5
372,1199,3
372,1259,4
372,300,5
372,1097,4
372,1196,4
372,223,4
372,593,4
372,1245,3
372,529,4
372,903,3
372,1197,4
372,1204,5
372,36,3
372,457,5
372,322,4
372,1411,5
372,161,4
372,281,4
372,335,4
372,931,4
372,356,3
372,471,3
372,25,4
372,277,3
372,1215,5
372,1242,5
372,1356,4
372,70,3
372,428,3
372,1041,4
372,1221,5
372,1297,4
372,1079,4
372,1285,3
372,110,4
372,11,4
372,1080,2
372,150,3
372,608,5
372,1240,3
372,1302,3
372,1366,5
372,1201,4
372,1222,3
372,144,2
372,800,2
372,1210,5
372,293,4
372,8,2
372,32,4
372,858,5
372,1172,5
372,4006,1
372,1274,1
372,595,4
372,1219,3
372,1257,3
372,799,4
372,235,2
372,1246,3
372,1258,4
372,188,2
372,1224,4
372,1307,4
372,589,4
372,953,4
372,1136,3
372,1390,4
372,719,2
372,1200,5
372,1275,3
372,1220,3
372,1291,5
372,364,4
372,1022,3
372,1213,5
372,1286,2
372,1265,4
372,6,5
372,541,4
372,1249,4
372,1393,3
372,1610,4
372,1358,3
372,62,3
372,1188,2
372,1374,3
372,1394,3
372,34,4
372,778,3
372,16,4
372,41,4
372,497,4
372,588,4
372,452,2
372,861,2
372,1060,4
372,5060,2
372,164,3
372,1352,2
372,141,4
372,412,2
372,538,3
372,474,4
372,892,4
372,1019,3
372,159,2
372,229,4
372,1261,5
372,52,4
372,111,3
372,1132,4
372,1206,2
372,81,2
372,272,3
372,1351,3
372,1401,4
372,515,4
372,736,4
372,1047,3
372,1227,3
372,357,4
372,1129,2
372,1171,3
372,710,2
372,1303,3
372,1,3
372,387,3
372,440,4
372,924,2
372,1243,3
372,112,2
372,205,2
372,271,2
372,508,3
372,556,3
372,733,4
372,1029,2
372,71,2
372,353,2
372,1387,5
372,692,2
372,1378,4
372,21,3
372,417,3
372,249,4
372,450,3
372,1073,3
372,316,5
372,555,4
372,616,2
372,48,2
372,1015,2
372,1033,2
372,1090,4
372,1306,2
372,340,3
372,592,3
372,1031,3
372,261,3
372,337,2
372,157,3
372,163,3
372,1344,4
372,10,3
372,31,2
372,258,2
372,647,2
372,1429,2
372,259,3
372,413,2
372,628,4
372,1347,2
372,358,2
372,553,4
372,709,2
372,296,4
372,1092,3
372,1408,5
372,14,4
372,1042,2
372,1061,3
372,1127,4
372,1233,3
372,280,3
372,328,2
372,361,3
372,882,2
372,590,3
372,920,3
372,39,3
372,1214,5
372,1278,2
372,1095,3
372,165,4
372,1370,5
372,47,5
372,198,5
372,1036,5
372,380,5
372,527,5
372,1208,5
372,318,5
372,377,5
372,1198,5
372,1270,5
304,1485,4
304,836,3
304,1544,3
304,86,5
304,150,5
304,260,5
304,1210,5
304,1466,5
304,62,5
304,141,3
304,733,4
304,32,4
304,647,4
304,832,3
304,112,1
304,36,1
304,780,4
304,802,4
304,1073,4
304,1,5
304,7,4
304,708,4
304,1393,3
304,135,4
304,1391,2
304,648,4
304,786,3
304,1580,5
304,314,4
304,1552,4
304,1356,5
304,1584,5
304,1690,2
304,1500,4
481,1183,4
481,1407,2
481,1584,3
481,1617,5
481,1653,3
481,1693,3
481,1729,4
481,1672,2
481,1721,5
481,1620,3
481,1465,4
481,1629,4
481,1589,2
481,1615,3
481,1662,3
481,1485,2
481,1586,3
481,1588,1
481,1597,3
481,1614,2
481,1605,2
481,1608,4
481,1687,2
481,1479,3
481,1676,3
481,1438,2
481,1483,1
481,1665,2
481,1690,2
481,1711,2
360,1617,5
360,1625,5
360,1747,5
360,1407,4
360,1608,5
360,1721,4
360,1485,3
360,1616,5
360,1414,2
360,1584,4
360,1639,2
360,1647,2
360,1488,4
